guid,typology
a74014d7-3054-45bd-b284-ac117ccd2001,предметы нумизматики
783eab83-a48c-4950-996a-386fe93a3ccd,предметы естественнонаучной коллекции
8e7e2514-fab3-4287-be06-aae93c5397e0,графика
dc1964ce-9248-4fe7-9d4b-c110ac270f64,живопись
1dd23c5e-bf5d-45b7-9894-07bfdf91ae80,документы
094e1f33-5488-43be-b7b7-e595a9a3a054,предметы нумизматики
280d15c6-9331-4f7b-9a59-8e488f93d870,живопись
c3d3a4fc-c0bd-43e6-ac98-6c502bb7e793,документы
552acc89-76e2-4e1d-9035-9ef287ac600e,документы
2f281a43-71e7-450b-b4c6-0373bb944f17,предметы печатной продукции
034fe150-9386-4088-9728-a45ff6d3ad8b,скульптура
3b064d46-4349-4608-8ad0-3aa1965149b1,предметы печатной продукции
473daa96-0e41-449d-8076-bf9adfd3f396,предметы нумизматики
7ac0e95c-2157-4373-95ba-f14cf9abd33c,предметы археологии
20029a89-3d62-408e-bb15-afe50265c53f,фотографии и негативы
4b0c86b1-f12e-4347-a0af-b88e422a1826,предметы техники
93a61ff7-61d9-428f-91aa-fdf61e9a8ab1,документы
f7714873-4be5-4e4a-9bf2-5051221e6426,документы
7b6a052f-7cec-4966-b684-517f1cbb8e06,"предметы прикладного искусства, быта и этнографии"
25de735d-d2be-47be-a98c-d3c3282f295f,предметы археологии
e0bb213e-531a-4cd9-9efb-ae80d881f45b,фотографии и негативы
cba11341-a074-4f55-a64d-ea2a522da4a1,фотографии и негативы
67621e30-db78-486b-a4c4-76fc0eee9111,предметы печатной продукции
87c12931-1705-4575-ae41-a48182088d87,предметы печатной продукции
7867e9d3-56a4-48ba-81dc-1fa4b65bdcee,фотографии и негативы
a03bf8d5-94b0-42fd-808d-793300e3c135,фотографии и негативы
17ccff72-0419-4a88-bdaf-446d59016290,предметы печатной продукции
91f04b5e-32c9-438e-a996-8f86ff7314b8,фотографии и негативы
d49d4f37-1ca0-428a-9deb-090da47e98eb,прочие
1a832d2c-d86d-493e-9ac2-4db6222c63e0,предметы археологии
a9f4efaf-08c7-4acf-8e79-da47d3179ccb,предметы археологии
a2c8e732-876b-48ef-9b04-9a6fc5e0594e,предметы археологии
3dc09301-85cd-475b-bf1c-0cda7b748954,документы
ca5c8001-c16c-47ad-8d48-c97552eb3898,"предметы прикладного искусства, быта и этнографии"
02db9cc2-bd27-4a6a-bb92-7947cab42445,прочие
2e63de61-bdc3-4730-9068-f0997ad33a1c,"предметы прикладного искусства, быта и этнографии"
46059345-c1d6-4c90-987b-83534b8dd504,предметы печатной продукции
35a846ae-1859-4ee7-83bd-c530006e41b0,живопись
9af1e0c0-9162-45b2-b21a-8fbacff36ba7,фотографии и негативы
fbf85d0e-c86c-483e-909d-1053c75a3d52,фотографии и негативы
c36b9434-431d-421a-97dd-8e3c35cdcabf,живопись
d71344e3-eb63-4c96-ba05-a52c3cba2a26,фотографии и негативы
f470bf27-eb63-4b83-826f-84ec27ca6ebe,предметы археологии
b74663e9-9088-450f-ad53-27940577a0af,предметы нумизматики
11f033fd-75db-4455-8a8a-4acd5e2ead1b,прочие
3002dcac-9de5-4563-8d70-919a7a3fd0f5,"предметы прикладного искусства, быта и этнографии"
27cde029-cf5f-4e51-a7e2-32d4891a5128,"предметы прикладного искусства, быта и этнографии"
86b3fe2a-d125-4766-b4fd-40f131f2d90d,документы
c25d1bbb-5236-491d-8c22-1017c150942e,фотографии и негативы
41ace5e0-031e-4bcc-a66f-01a77ee0eeea,предметы нумизматики
b0026f98-4de4-40b7-a3bf-617f92a6a872,фотографии и негативы
c7ab2824-77bf-4e43-9637-1935cb3d0944,фотографии и негативы
ef9e9da2-12ea-493c-b902-e3040008a79f,документы
cc30698f-516d-4863-b54a-67f2f8ca1456,предметы печатной продукции
a666e387-f11a-4241-a2b3-fdf95116b8d6,графика
fe05c7e5-6feb-407d-b85d-68d61e868cc7,документы
e4a874a4-0a0a-44d7-bdb3-0fe88aec23a4,фотографии и негативы
c313d5fd-127c-4bc3-a6cb-a2fd01e8acd9,"предметы прикладного искусства, быта и этнографии"
a63837f1-6177-48e8-93e5-54b980837571,фотографии и негативы
84f0d0a8-e1f4-419a-8db8-c349cf1a4aee,предметы археологии
7b362de3-535b-4b68-9ac1-f6175a25f819,предметы печатной продукции
e93c55ad-6430-47a3-8393-c14981988f17,предметы археологии
1a200ae8-b847-4c8c-b7f6-a251c9c2abef,предметы нумизматики
1ee3d92a-4a22-43d6-9ad5-712a56de9b1a,фотографии и негативы
7706648c-42bf-480f-a701-5da02d57d33f,документы
6314a632-2e13-4224-a542-1ec598a2b14f,предметы археологии
bcd8a0ef-c0ff-431b-8026-6386181bd226,редкие книги
001e9cf1-b009-427c-abb6-6ed49688c746,предметы археологии
2a4f9292-ffef-4e2d-ad71-26c26b9faabf,предметы техники
d17b9f45-d4aa-4b27-8d8b-17b49a6f5bb6,документы
976dcf48-36a4-40b4-b55c-18434fa004f5,предметы печатной продукции
63e3c385-d650-4bcd-a9ec-a2a37c4f4efc,предметы естественнонаучной коллекции
0dac3b2d-dfbe-434f-a364-44371dd5d7c6,предметы нумизматики
fcf6567b-8392-4f24-8b6e-92039e823f89,графика
77943f60-312a-4053-ac3e-05927f8bd064,фотографии и негативы
c941279e-1450-42d6-a20b-6fb73ab5b0e7,документы
1375dcd9-915e-4108-896c-193312414b35,предметы нумизматики
84a7984e-ad76-4bd9-869d-c554377a8456,фотографии и негативы
6c5ab988-ae42-46a7-84fe-33ad77945f3b,предметы печатной продукции
a05c8290-1c57-43b5-902b-f2eeb5aca270,предметы археологии
695827d0-8222-4250-bf6d-caac90580a93,предметы нумизматики
8e3035cf-4008-489c-8e49-4f07e1970b82,документы
fde1b993-5338-4309-9d5f-7197b16416f6,живопись
54a738e9-fa87-4507-a013-88b4204915bc,редкие книги
d9ba393c-7491-45da-b157-cd3dcabf0039,фотографии и негативы
02c99722-f2ad-42a3-b831-f9397c218ff0,"предметы прикладного искусства, быта и этнографии"
852b042c-4424-4022-ac3c-20091c502c70,документы
668d6709-95f8-4406-893d-bd4e2190e2fc,предметы археологии
1f6cf67c-612d-4c18-850a-8955fe4092ee,"предметы прикладного искусства, быта и этнографии"
ec3df729-8b71-4974-b9f5-8f72cf4f5b90,предметы нумизматики
86ca24dc-da23-44e3-a3f7-2021045c1a40,предметы археологии
daaf1c03-4b6c-4636-a1e1-01dd3ef88fc3,предметы печатной продукции
f7dc3c22-b4a2-4a42-acf3-778bb15c914b,документы
5d8db933-9ec1-462a-a938-c0cd4fee58c4,предметы археологии
564cc46e-667a-4ea5-9d0a-d5e65c346f8b,предметы печатной продукции
63140d5d-116a-4419-a9cc-0f9514cc3793,предметы археологии
00ff419e-e1fd-46f1-8abc-8e1b012c1e48,"предметы прикладного искусства, быта и этнографии"
16725c5e-3432-4c84-a054-2ac40d0fa145,предметы нумизматики
abd0c14d-9ff5-4487-b19b-e0d259142d37,фотографии и негативы
853133b4-ca0d-4fbf-b8d0-f861ec62c4fa,графика
a6d1ab4b-663a-4412-a38e-1f2f21f40187,предметы археологии
20693340-7c59-4689-a569-bbce68823edc,документы
7cf975fb-58bb-417c-a6c0-f7526a1d7ecb,предметы археологии
4b7e8258-1fd1-4885-8ea7-8b2da7f4282a,документы
38dfcdc6-225f-4952-843d-3253d6979675,скульптура
98ad4342-82a2-47db-b166-3e75440b0774,редкие книги
964f27b6-0dfe-4042-bad9-4eddf3647c82,фотографии и негативы
fa178b29-8db3-45ab-9ce2-d87870ef7193,фотографии и негативы
d94fe572-633c-48ea-91e9-135a88b8e96c,"предметы прикладного искусства, быта и этнографии"
036e14d8-cf62-4447-b2a8-858bf85a3db9,графика
87f1134d-58d8-4a34-b54c-361647c70546,предметы археологии
d2842dfd-81ba-42ed-8e46-276bc7475e2a,"предметы прикладного искусства, быта и этнографии"
8b8ac0bf-183f-43c3-b930-9c5722545203,предметы археологии
14a552cf-25b8-421f-a098-5326b7fa33ad,"предметы прикладного искусства, быта и этнографии"
e03c068a-f2e2-4cf0-ba64-5484fff01b2a,фотографии и негативы
1e8dda72-6e39-436b-9be0-b6892c443ceb,документы
5a077b73-e4ea-46ac-a58f-cfe7da394f4a,"предметы прикладного искусства, быта и этнографии"
2f9763f6-9d2c-4998-8f64-eca1d65286fb,редкие книги
558c1054-dcdf-4e76-9d0c-cb4330de69c7,предметы печатной продукции
978ba715-36a2-4c34-a0eb-d60aa5c23058,прочие
ec8119e5-da74-41e6-a6e3-0fe4fd858ac0,предметы археологии
131eeb14-906f-4251-84cb-97755d259ef2,документы
ac622225-f72b-451a-b988-72023803919f,"предметы прикладного искусства, быта и этнографии"
83da5f42-fd0c-49e8-ac29-8f76a128a76c,документы
d12584bd-d51b-46d9-8d8b-4cfacae075fd,"предметы прикладного искусства, быта и этнографии"
449be8ef-1b04-4619-8294-01b3b2f76a88,предметы археологии
ee8a2817-a0b8-4d93-a682-8702dad65141,предметы археологии
28f249c0-372a-4d54-b095-ed0a663a72f9,документы
4efd4901-09e9-436e-8d73-0a6c04042e13,документы
83a1dedc-e044-440a-bdd2-c2f6f850f606,предметы нумизматики
8bc3a2ef-eb42-4dbc-beff-54efb3390276,предметы археологии
288f48f0-bc2f-403e-a2a5-10bc3eaa76d4,предметы археологии
83715f1d-666b-434f-9b81-33ca29eb1ab7,"предметы прикладного искусства, быта и этнографии"
0cbf1843-8d67-4c5e-a060-592e3ca0770d,документы
ea6bf669-0fad-42a3-8c82-04112eb26f7b,живопись
95ca05b5-3063-4723-9d5d-fffa791a9f46,фотографии и негативы
5d5418d8-4ad6-4f5f-b3f0-ad9f94cf5a43,графика
8f808c0f-f930-4a6d-8cc0-41566c6be8db,предметы нумизматики
d7eb8535-25af-4787-a0a6-ee7a35ae8f5b,предметы нумизматики
5ab81466-2313-4836-819a-9be71c3bb18c,документы
87a756c4-af42-4b34-a936-45800e599355,предметы печатной продукции
ca8e725d-7a34-41a7-adf3-40f502f45466,графика
88879750-b232-46bb-9ec1-e99fd06d52a2,"предметы прикладного искусства, быта и этнографии"
7f0e7f44-89e6-44e8-bda3-5326ab954f8f,документы
e46d503c-7b61-4e31-9c11-206145f1cfcc,"предметы прикладного искусства, быта и этнографии"
d45ccc55-e456-4284-8c3e-0f17bd90985f,редкие книги
63f9bc3c-9193-479f-8d8a-f587f632c385,предметы археологии
93a96e77-731e-453e-baa9-a93fccb80f07,предметы печатной продукции
4ce89e45-9eab-4229-8aca-c8a7585dd653,"предметы прикладного искусства, быта и этнографии"
8fe6b27d-debf-41da-ba49-5847acb003be,предметы печатной продукции
71a7e736-7663-45d8-8b31-43b7b01d3b83,предметы археологии
f26d81f8-7167-4916-888c-34f084af043d,документы
66283c76-f3bf-487e-abfc-fdaa33025c70,предметы нумизматики
b699e2f8-eb83-4bed-bc31-c9ae46198ad5,"предметы прикладного искусства, быта и этнографии"
b4d0d93d-6765-4240-a0d4-a07625c12655,фотографии и негативы
2c57158d-ba9d-46c9-b453-72a12c01a379,фотографии и негативы
a2f24e21-9149-4f8d-9814-ee50d1dec1c6,"предметы прикладного искусства, быта и этнографии"
9cbbf27c-b262-4c90-bd4c-98236de75666,предметы нумизматики
b72f317e-a5fc-4ddb-8521-f18b1526d8cb,фотографии и негативы
6eafa2ae-0709-4a05-b501-5eee7fd0b9c6,фотографии и негативы
f0ede120-4eb8-471e-9bea-316060e962b7,фотографии и негативы
09fff69d-c234-471f-bf65-ee12f9846de0,фотографии и негативы
08a55984-e316-42db-b0de-ad7303d3e486,предметы техники
e957b808-6584-4b6a-9a76-48624c7b1fd2,предметы нумизматики
ad3422dd-98ea-4a1d-8177-1474d98ae167,предметы археологии
1d8a64f3-e371-4a90-b2d3-4cd78a2461cf,предметы минералогической коллекции
aa061491-34e3-47f6-aa41-c5df0c689352,фотографии и негативы
1b5c2177-b579-496c-ab08-75e0b63eb230,предметы археологии
7b10119e-b72f-400f-9124-14bb0e5ba082,документы
106ddaf8-c592-4302-b01c-d1fef3fd6900,документы
f7bac105-59a4-45b1-989f-82ea558b2de6,предметы печатной продукции
f93015e7-dced-461b-a458-2e0a3599c009,документы
1d9502d2-767e-46f7-86ec-97d93ced42df,предметы археологии
63cdc142-9c96-4eb7-aa58-fddf756e577d,предметы археологии
b0991927-18ad-42de-817a-dd7eb2dd97ad,предметы нумизматики
3b08f1b0-05b8-4382-8a0f-4b5907712465,предметы археологии
09dc0246-39ef-4aca-802c-3a699974bd5b,предметы археологии
7a88fd1f-5597-4ee4-8ad3-6412e37188e8,документы
a2d1aebc-940c-4bc5-9f6e-aac21ea77f45,документы
c51fdd4c-cf96-4599-be4a-67e8406b10a7,предметы нумизматики
760ca9ea-5309-4da2-aba3-9889b0ab703b,предметы печатной продукции
40dc573e-43a8-4118-8ee2-bbfde95b5f39,графика
50ddae34-6934-4d29-9049-c6d3a516ef75,предметы печатной продукции
de449b97-b5ad-4397-9f14-0ceea76ba661,графика
4c20e11a-293b-47d0-aedf-96c52fedeb3d,предметы нумизматики
9c0aeb6c-afe5-4f77-9e7c-1e001b729e93,фотографии и негативы
714b5a2a-08ad-45d7-b913-35a2115249fb,предметы археологии
b2bd7453-6c18-4920-ab7c-ebc5ff642d81,предметы минералогической коллекции
efd53b29-762b-40d6-9d62-222efea306c1,документы
6672b608-f389-4ed3-bb93-796e33988c1c,документы
7cc17355-0801-4f64-a4a1-5c68fc1efd4e,предметы нумизматики
73076994-b608-4772-9661-51de2d9d20ad,фотографии и негативы
ba61d162-21b5-47d1-95bf-f27bf71b64e9,предметы печатной продукции
2ecda9c2-3aec-43ec-8082-55392d2fd418,"предметы прикладного искусства, быта и этнографии"
6fd62951-cbbe-40d9-a4cf-44578ce82c23,предметы археологии
439dfd8e-a411-4df9-8141-6a9e5dcd123a,"предметы прикладного искусства, быта и этнографии"
27915e8b-6dc4-454c-a9f1-ed5c4163b1e6,предметы печатной продукции
93fc2c63-7c3f-4c91-a632-8b711c8642df,документы
f7f68332-d29f-4d56-9840-c672d6ba3408,предметы археологии
1e9d2847-6729-428c-9df2-5e78d15b5fc7,предметы минералогической коллекции
005ece7a-fb82-4d06-ae28-c11a358587f4,документы
0051bcf7-197d-41be-bcd8-73fcf8e46cfd,"предметы прикладного искусства, быта и этнографии"
6870e692-d248-4e41-bad7-17f125c93c45,предметы печатной продукции
aadbb2fd-77ee-4750-a6d6-c9c1b294b31e,предметы печатной продукции
7bb178d2-f8d1-4ded-a0af-7b3039a2b9c6,предметы нумизматики
1a884017-46b5-4e1a-96a9-225cfb23f8b1,предметы печатной продукции
674ddb5f-f895-46a9-b78e-eb8395f9b15e,"предметы прикладного искусства, быта и этнографии"
3afdcbcf-f556-43f0-b38d-0651b75bd4b3,предметы нумизматики
4855c771-7b45-4ec8-a7a7-744d60a20e09,предметы печатной продукции
1b1fe14e-5ce8-4440-8987-fc276b30523f,предметы археологии
901a6e72-9cc6-468b-84a0-afbec71e5e83,документы
300b98b8-6854-4427-9ab8-b52f26c9c564,предметы археологии
6306d43a-e8e9-406a-8b31-6af5d4ebb4ad,предметы археологии
a86bf362-e8cd-405d-8d61-88f067225cba,фотографии и негативы
bebcbd03-b0cd-4740-bffb-9d0ac24f6282,предметы печатной продукции
1696b335-30e4-4285-b248-2205ea2f58f7,документы
c7f41494-a4c2-4b88-9d05-ae87f01655f7,предметы печатной продукции
cb4781ca-889a-4d75-bfa6-af4497a417c2,редкие книги
897f22d7-e822-4747-8ade-09888a66f423,"предметы прикладного искусства, быта и этнографии"
c642f5ee-9a1c-46d8-a139-f081d313bedf,предметы археологии
ba7664d4-792f-4672-820b-87cc5af5e3fa,графика
b7af9dfe-19b6-4ffa-b8d5-4c54c409186c,фотографии и негативы
650f88cf-a87f-43fe-9ee2-171502951be6,предметы археологии
25149171-aac4-4321-9a85-3eb2f4254c65,документы
d3b741b5-91f0-4d13-99b7-bd75c410d135,предметы нумизматики
d1916e7d-ce0d-4dde-a735-5810487f259e,предметы археологии
77b8c120-32aa-4f16-b0c4-6481c244d62a,фотографии и негативы
aa6679f0-98f7-4dd7-b067-b65927597b59,предметы нумизматики
6d1a9930-bc63-4121-a1a8-87e402b6d0c2,графика
c40e9bcd-09f1-43d0-ba49-d5d06d554486,"предметы прикладного искусства, быта и этнографии"
8349859c-af0b-4f08-be53-0c5863c6e894,фотографии и негативы
1996c2a0-ab2a-436c-bf9b-0a07c4f612c8,предметы нумизматики
233751ee-b482-450a-8172-e789f96eb78d,"предметы прикладного искусства, быта и этнографии"
ae2f6180-48fe-4cca-8abf-46c9513ffb2d,фотографии и негативы
16b99e8b-565b-4e9a-ba50-8076b04cde03,документы
89b2dc56-dcb3-4e4c-83f0-2587f6509275,документы
9d22342b-45a7-44ff-8ee8-1e12148c8f48,предметы печатной продукции
a638e34f-87e8-4c9d-9d26-082e8de2be33,предметы нумизматики
b63027df-0e2f-46d0-bfde-3e6d02dd844d,предметы нумизматики
286e4848-ca2a-46d8-be16-82fb655031f2,предметы археологии
3e251794-197f-49de-a89e-ca8227ec2d71,предметы археологии
2420a3db-05cd-42ec-b2d2-36611127d9dc,предметы археологии
3d38df72-c0f9-4757-b2f6-6f3f132e378d,предметы нумизматики
4dc229e8-ff02-4888-8e1b-dee937bb45ae,"предметы прикладного искусства, быта и этнографии"
9009507b-7c55-4229-89ce-357c969d2c9d,предметы археологии
3f56bebd-362e-4d4d-a2ee-56602a363b5d,предметы нумизматики
3bf95f31-13fe-4737-9ade-a65bc3f32ad5,предметы археологии
71a03ed5-caf5-46e4-aa68-653a6cbf7d3d,предметы археологии
4e2a8d3a-89cc-4441-bbac-301275de6720,документы
80513c0b-f017-467c-8b38-04660a6ecf55,предметы археологии
23919d1a-b9f6-4643-bd9e-893ac69aadb1,документы
dbabd2f8-088b-499b-913a-79bc95d2eb5d,"предметы прикладного искусства, быта и этнографии"
419a2469-2978-4a32-aa4b-27f0e75e1ab6,"предметы прикладного искусства, быта и этнографии"
1409c835-58c4-4d0e-ba9e-86f17f0a516d,документы
0d79027f-2a12-4b5d-8ab7-aae89a77c09f,"предметы прикладного искусства, быта и этнографии"
fb6e850f-4e61-4e09-8f4b-720ff4bd3019,графика
e6ebfbf6-a2b2-48b6-ac70-72c98adcc7af,редкие книги
33f751ce-237b-4ed5-96fe-ba6c24197ca5,"предметы прикладного искусства, быта и этнографии"
6197461c-a90e-4957-a453-832dd9c34881,предметы нумизматики
285e1c64-189b-4fcb-8fe4-0faf82e628bf,фотографии и негативы
1c38568b-04fd-4b31-b7ec-bb84fea6b150,предметы археологии
89140c97-f820-415f-b3ec-0959ef27142d,предметы нумизматики
a88b2357-900d-4324-9efe-31e96f6cf25a,фотографии и негативы
a5e0db1a-aa85-4745-98bc-c72c239e23e0,фотографии и негативы
9f558fea-6870-4092-a331-8402b29f375b,фотографии и негативы
ad7a0c00-63b1-4a5d-8ef7-ee773199f10d,"предметы прикладного искусства, быта и этнографии"
e4c8be9b-5315-4777-a3d6-d51358c09f99,предметы естественнонаучной коллекции
ad1287c1-bc1e-4c0f-8318-6871fb584b1d,документы
2f680107-8200-446a-9a0a-d9a54f155b4c,"предметы прикладного искусства, быта и этнографии"
8c104dde-b03e-4030-9851-b068ba88029c,фотографии и негативы
d9887a8d-59e6-493b-93e9-b120648e1c98,предметы нумизматики
0a279fa8-b653-432d-86e0-20d48f0a45f1,фотографии и негативы
b925803b-c1af-48ff-87c7-b5d6bffc760b,предметы печатной продукции
f074137a-ff3b-424f-8bf8-65fe321d22e6,предметы печатной продукции
82c8ee61-6fa6-4718-80e2-c67782b93b22,живопись
7478b432-4289-40e8-91f2-b67d5357631b,предметы печатной продукции
781df3f8-6e42-4646-b21e-52a2ac8f10b8,предметы археологии
32b24a4c-6178-4592-be52-0206fdb164f7,предметы нумизматики
da587001-77f2-4b43-b2d8-7ac64fb8d9fb,документы
0ed1db7e-b408-4667-8b9d-3a5ab3a92333,фотографии и негативы
e4d0facc-3be6-4fc9-a294-1f934595843e,фотографии и негативы
6f1f3a02-66dc-41b9-b75b-cbebd43e52e0,предметы нумизматики
2da3c185-2d7c-4a5b-92ca-4a6830e3b36b,документы
5a200870-c246-4341-99e1-3ecae1bbc9ff,предметы нумизматики
c570efc5-995e-4ea5-b130-525fd67391b0,документы
1cd31aba-f8c9-4cd5-bfbe-5923bcc44c5f,прочие
751f54bd-51e0-4627-abdd-75e39f49d272,"предметы прикладного искусства, быта и этнографии"
f1294771-e69c-43c7-8c59-5f79daa1f36d,предметы археологии
732b1067-6738-4fc2-a5dd-563ddf648c49,предметы археологии
d25b731e-4dc6-4f5f-adf6-dfb0bd52a57e,предметы печатной продукции
8aaf7b6f-a5c0-4e10-8d26-a863501e1143,предметы нумизматики
55ef3473-b900-44ff-8003-7362164d9687,графика
1fa95de4-6dab-4353-a95f-6b4d61934e7b,предметы печатной продукции
8b45ed5a-976b-4158-9238-515f6456efe7,фотографии и негативы
dac4bd33-9e5a-4420-9222-46e9757ad0e0,документы
50ed8995-ff92-4878-b284-174382b198ba,документы
ccad7fc4-b3cc-4f8c-aac2-b0223f3e73b6,"предметы прикладного искусства, быта и этнографии"
45391489-9848-445f-92b3-a1f61c10c3a9,документы
6ee9408f-0b1d-42eb-965f-58c8d1133448,"предметы прикладного искусства, быта и этнографии"
f8ebc5cd-f420-4498-b849-c56962a004de,фотографии и негативы
dc7587f3-413e-4e0e-b5ee-b1448199c978,графика
8fa9045e-1f44-4ab3-aafa-1f59b9e836c1,редкие книги
29125ada-c0f1-4e3e-a88f-06ef0dec385e,документы
60aac449-a171-48f0-9f81-967c5a4b4308,"предметы прикладного искусства, быта и этнографии"
9b2f9c44-1bb9-4172-9bc9-a8039faff92c,предметы нумизматики
b46b72eb-b889-4bc4-bd77-b6738f2e7d02,предметы археологии
775a62e6-9f31-41e1-bd3b-9c62957724ae,фотографии и негативы
aa273540-d63a-4d47-82d0-462ab10745ce,предметы нумизматики
e019b245-086f-4efb-82b4-c83d6477bc1c,"предметы прикладного искусства, быта и этнографии"
93a9bb79-e07a-431f-9df7-a0256484e602,"предметы прикладного искусства, быта и этнографии"
bf4a9d25-8332-45d4-98be-29395f5ba073,предметы печатной продукции
71ade883-9751-4d40-a86e-7d4dadccd0a7,документы
2a5b8a2b-8810-4bc5-8c0f-326df42fa5fa,предметы археологии
eb50656f-7dad-4da8-95a2-559684903577,предметы археологии
33626159-fc15-4eb6-bda9-ced1aad648de,"предметы прикладного искусства, быта и этнографии"
a3548bc1-ee7e-49c4-b48f-f6e0aef935c4,фотографии и негативы
dc8699ff-7ee9-4d8b-a135-f084a91ce985,предметы археологии
b3f30845-f8ce-4dd6-8f3a-b6bcfb43a310,графика
8b2e41e6-3c02-4cc1-87e1-c854478d10f2,предметы археологии
8670404b-0f8c-4d45-9fa1-51a7c3c5bf5e,предметы археологии
435431f9-3e5b-492a-ae56-a20403985538,"предметы прикладного искусства, быта и этнографии"
b8010c5b-716d-47ae-9ac1-32b049cd2ee1,предметы печатной продукции
4f7332e1-15b7-4413-8327-225c843c3093,документы
f20774d4-80ed-4141-98f1-1d2b2e8a7470,документы
13ebfe53-2083-4939-949f-3516d82d0666,документы
37293635-acb6-4196-9cbf-438204df9af7,"предметы прикладного искусства, быта и этнографии"
c309953d-41e7-4901-8055-20ec1442ceb9,документы
0d03b432-c008-4263-a437-a585089cd147,документы
bbc9d9da-60cc-4683-93a8-8516d88afe58,предметы печатной продукции
2c60c61f-e52f-4048-8d34-54b025ee853f,документы
bb7ceaf4-62af-4cfe-bb10-46889001c1b2,прочие
240c273c-ed4c-472c-b03c-5ef5b9ebddbe,"предметы прикладного искусства, быта и этнографии"
90cf3a42-9e6f-4831-bc54-480471390d5f,документы
18315bae-c438-4e2b-9517-98715b4abb38,предметы печатной продукции
6dad2334-86c2-4241-95e0-a3bb08a29c68,предметы археологии
ed0a41e5-a4f5-4aff-acc9-f83ff7bad972,"предметы прикладного искусства, быта и этнографии"
29699470-169d-4710-a6c9-57181dd178ef,предметы археологии
b95f1af4-b96f-48fe-a65d-88ef366c1a1c,предметы печатной продукции
d7b4dcad-57e2-47ab-a958-05d7add090bd,документы
2f1de786-3160-4490-ba11-a0f4cd2c1ffe,предметы печатной продукции
2070f196-d91f-4990-92c3-d35e50c560e4,предметы нумизматики
6271b89e-6024-42bb-aa3c-8bee39512bf3,документы
0b297307-b1e1-4198-9c1f-b7f24c5f6a9e,прочие
9051893a-5d57-4b59-a581-665745b2c935,предметы печатной продукции
1afdd2d9-b63d-462d-aa01-c36ebf417f7a,графика
1976c8f2-d359-4a5c-acba-281458439174,"предметы прикладного искусства, быта и этнографии"
fcf6a1bc-8b0c-47b0-852b-7e2dad95f48b,предметы нумизматики
06232a4a-8a2b-40ec-a552-caa24bf78f4b,предметы археологии
c802ae71-03b6-4d32-9240-22bd275e6eee,"предметы прикладного искусства, быта и этнографии"
c6dec061-d0c7-42c4-bfe3-8623047ebab3,фотографии и негативы
534ddd98-0b1d-4742-8f13-6dd5ff182824,документы
de17dc93-c383-497a-a718-fe05be50ff62,графика
625e0209-8310-4e74-9374-4dc5f38b5bc5,предметы нумизматики
5b12e597-53ed-4ee5-a09e-8b816930ecdf,живопись
fd515f26-35ca-4ae0-9f33-449dc3ff5daa,документы
1ae8c190-262c-4f59-98c1-5af0156968ef,фотографии и негативы
b56c5fdc-d3b3-4bff-a031-47c44d95713e,предметы археологии
383ac1cc-382b-4a97-b4e9-bfd404d4f9ee,"предметы прикладного искусства, быта и этнографии"
ef1e970a-26a2-4907-902d-b480b71e6968,"предметы прикладного искусства, быта и этнографии"
92b02b79-39cf-49e9-9f81-23e26a1f1f1c,предметы археологии
36b59e65-baed-48a4-ba06-4b13d68df68c,документы
70343a45-2806-4b94-9e16-a2d4c0675ada,"предметы прикладного искусства, быта и этнографии"
f30289a2-da16-4387-921e-925d3cb7cb7b,документы
0b6778c1-433e-4267-8182-554c73abd2da,"предметы прикладного искусства, быта и этнографии"
3bdf61bb-02df-45b6-9334-556a0bf11d5e,"предметы прикладного искусства, быта и этнографии"
06591fa6-2a3d-4b18-97f3-569e407ad667,предметы археологии
36f9ee94-61d2-4600-b4d3-b68e5737db76,"предметы прикладного искусства, быта и этнографии"
21c33b07-ebf8-47d2-9b90-f796e3dd8338,живопись
52164fb8-37c9-4d69-8ab0-656eac2bfbaf,"предметы прикладного искусства, быта и этнографии"
afb1d263-fc42-4567-bc1c-440c39d86982,документы
69285fd8-43d9-478c-965b-2b755cddb62d,живопись
f8596c2d-0171-4c32-8579-25104320686e,"предметы прикладного искусства, быта и этнографии"
1141c774-a9ba-4967-a4f8-1253d55d9551,фотографии и негативы
43238cc1-9108-415f-b2a0-779deab3a450,предметы археологии
48a74204-e55a-4e39-8f05-d31d7ac9e45b,прочие
897b9fb9-30ca-4072-afa6-54e74493ef31,документы
26de30cb-b917-431c-ad52-73076cfa0b46,предметы археологии
aaf9b06d-48a3-4746-aedd-a4dcf352eb48,предметы печатной продукции
123f66a6-05c5-4457-8212-752b0463f91d,предметы археологии
fb1540b0-0bda-4645-b161-d98d834628c4,"предметы прикладного искусства, быта и этнографии"
a2414adf-4f2d-42b5-b83c-86b395db2869,прочие
d63c18ca-810b-4b06-8b31-69b662dd34f6,предметы археологии
538d1094-ffad-4908-99ca-fd1b73b2c681,прочие
99d90cc4-af44-4efe-8e2c-5597a3c186c4,предметы печатной продукции
c4c5f03a-980e-43d2-ba00-e50c45eb899a,предметы нумизматики
dbfeac8f-d9ff-4c82-bf50-ae063113c16f,предметы печатной продукции
08994026-c704-49c7-8fde-05ba8a9920df,предметы археологии
ff54a716-0a9a-49fd-bbfc-9f5fa1b19942,"предметы прикладного искусства, быта и этнографии"
63b8bbfb-6a5b-41a8-aa5b-bfe6ca9aca80,графика
b1d5f7d2-cad6-42ed-bc0d-cc939d1349cb,редкие книги
3a418ba0-b135-490d-9fd8-f8b5fa63eb83,предметы печатной продукции
c1a70ef9-1980-415c-b241-f9cc7101157e,предметы нумизматики
726a2284-6956-4302-835c-c506cd1cdc77,фотографии и негативы
3f3d3a93-eb68-4310-90e8-74134f92fe61,предметы археологии
d764b74f-1430-4d4c-b0f0-27cc1b74c9db,предметы нумизматики
b12cb86e-70e1-4e69-9bce-e029ac161773,предметы техники
02a3a0fc-a327-4c76-9e2f-a9165cbff036,предметы нумизматики
f2458c3d-2ea4-4f04-840c-29bc023245eb,предметы археологии
a8f4b202-d7b6-4caf-9c81-c504078cad4c,предметы археологии
ad0b1eb3-4498-43b0-8d94-53b9982b5090,предметы археологии
27391fe8-6b52-4cc9-a262-5cea00dab25b,редкие книги
d89234c3-d1f1-45ae-8675-079ea8e0c195,фотографии и негативы
8342a80f-e727-4455-9dd6-973a2dbdbefb,фотографии и негативы
c45ca901-d14e-4fba-a307-893752987269,предметы археологии
b424065e-3437-4802-9eb4-310135426c02,предметы минералогической коллекции
eeac2eba-dea5-43f3-8643-db5f9dbc6b80,графика
a904c04a-4a78-4dc8-be78-d04b11e4b12e,предметы нумизматики
bb4aa3c1-a6f4-4529-a36e-a5f31a0c0c34,предметы естественнонаучной коллекции
5f448d5c-e3f6-480a-a4e4-fb51f3b8ffca,фотографии и негативы
d55b7bb7-fc5e-41e1-a2ad-6d68f57330f4,предметы нумизматики
7173c5db-fad1-46d7-9c70-fce3118af563,"предметы прикладного искусства, быта и этнографии"
7db9ce47-fc23-4136-93b1-a9dc642fca54,"предметы прикладного искусства, быта и этнографии"
f813d176-bf48-4ab7-a741-7223b06a435e,предметы нумизматики
97d1d06e-89f6-45f7-911a-306465cbbec5,документы
3472990e-9150-4ca2-a8e5-f5642870daf2,предметы печатной продукции
220569e6-0756-4170-995d-d2a07110a663,графика
35d6ed78-e184-4fed-b194-cb6cd0a48769,фотографии и негативы
baeee8c9-2869-403a-8f4c-66abf676e865,предметы нумизматики
e7d6f5f6-9aee-41fa-9799-097779d15687,документы
7025434b-acdc-4b93-996f-83b2b1ecfecf,фотографии и негативы
2d3d37ca-27f1-461f-9ceb-d14883711f86,редкие книги
fd677692-17ea-48d6-97fa-2ac003ebbd16,"предметы прикладного искусства, быта и этнографии"
4e6eb17f-cbb6-429e-8732-0c7c5be88e10,фотографии и негативы
6d0ff8e4-9535-4b4b-b5d1-c2ab86a35afd,документы
5e802b1c-cab6-4453-a4b7-a473ba62fcef,предметы нумизматики
9fd3a974-cbd0-4a11-ac54-6996057143a9,документы
1b244796-a846-4597-b3e4-ae56f3bc2e9a,предметы печатной продукции
7765596f-173a-4e18-be52-57434ba2d454,"предметы прикладного искусства, быта и этнографии"
a75661fd-6a1b-4417-95df-3cb062c549c7,живопись
948a679c-ec94-4164-a2c7-aa5040c505e8,документы
a66824ef-230a-4073-b6fa-e5ddd189608e,прочие
3f85d9c9-ae40-4681-b569-b73fd9e68efb,предметы техники
05bb5481-d067-4211-8279-8a49b1b2f8ed,предметы нумизматики
eae4583f-fbd0-4a60-95e6-28282433bc0d,предметы археологии
29de49f2-807f-45a9-87c1-f198387e64e6,предметы печатной продукции
c9c9a82d-30b7-4868-bb25-67cf2450900a,графика
403fa25c-aa7f-49f6-ba37-a11d85a062f5,предметы печатной продукции
93a4b184-ceee-41c8-8d3c-e73b8e84438e,фотографии и негативы
4fa3e0ad-2052-46db-9d5f-4544d1e36321,графика
f8b88d61-010f-4610-a850-b17efeea8a51,предметы нумизматики
b61c7d57-374d-4b18-8c78-1e185df1b975,предметы печатной продукции
6d31b8ff-9752-4d1e-96e5-eba7b442915a,"предметы прикладного искусства, быта и этнографии"
c4f4fcb5-e152-4631-95d5-28596b655df1,предметы нумизматики
9ab6b52e-a185-4d16-8853-5f378eb656a8,документы
52b74da7-f740-4712-8b7f-f6654f5f7fac,предметы нумизматики
f0db5c6d-84ac-46da-832c-ffaab5b8b062,фотографии и негативы
4847b166-155d-4c4d-97d3-9aec3825d21a,документы
f92e58ab-2974-4d96-b2d3-17141077cbd1,предметы археологии
6ec3509f-30f5-4e94-a5d5-9518cefea89e,предметы нумизматики
722214eb-5d20-4d74-913a-3e0bc54ef050,предметы нумизматики
469c9fe9-2907-48b1-b0d3-5038cadb5df5,документы
979d2bac-9958-4d74-99bc-8539564a24bb,документы
6ab5f405-dbb5-4f89-9df6-196fb7d87812,фотографии и негативы
fbc0c101-e9ce-4ebd-b01e-ace4c418da55,документы
d0e19896-f762-434f-9a7b-79031dc3e043,предметы нумизматики
3f3bce61-f1f8-4992-aa32-dab470ce1f18,предметы археологии
a5a9e15d-51e9-4034-8414-737f706dcc94,предметы нумизматики
295b921a-ec56-47b1-b288-783dccf7096f,фотографии и негативы
588b3f4f-63c8-4e54-9fcb-b43c118995cc,редкие книги
c2ad70f9-64b3-4dea-b9b8-c865ddab64f1,редкие книги
6b4bf0f2-5866-4abd-8ca0-7c675b6baaa3,документы
03cf8878-07a1-431b-b90c-ca1b89586b23,предметы печатной продукции
3a0a708d-9cf5-45c9-a4ee-8ac9f6b66f92,предметы археологии
425c1abf-33f7-437e-a247-539c6eaf1ec1,документы
c74f7b87-b9fb-486c-a160-fbcdaefa7cfd,предметы археологии
596562e7-2af3-409d-b66b-d2fd75d733bb,фотографии и негативы
43934949-0126-40be-961b-5d8e6dc0729f,фотографии и негативы
a5d6e97e-ec7b-4eb0-8158-4162d270e1be,документы
d4fc3d62-edf4-44dd-a42f-be047a99c2f1,фотографии и негативы
fc95c329-4208-47cb-b48f-1c9dd68e78a8,графика
d299906b-a9da-4356-b56d-192adf5ecbb7,графика
bf5b44b1-abca-46a8-8a75-6a5a5f93da22,документы
d3981264-2cb4-4ad8-8170-731ce003fea5,графика
4d64a1be-93e2-4a6f-97db-20261511aaac,фотографии и негативы
8164f3bb-68f1-4ab1-955e-a56fb5f8c706,"предметы прикладного искусства, быта и этнографии"
0d21a7bd-670f-416e-88fb-06d91f80613b,предметы археологии
6782990f-4661-49cd-8813-c42fbb5fcd6e,графика
0916b7f1-470e-4a2c-a085-1d8a6613080c,предметы печатной продукции
235da4f9-9902-4afc-89e8-e083c573f306,фотографии и негативы
1b26995d-1fdc-412c-b246-5f3ce1333596,редкие книги
366a0ad4-f1f3-4b6c-9c1c-8ee65559e953,предметы печатной продукции
03c4050e-11ef-4dac-b766-c0dbe06118a7,фотографии и негативы
1a444439-2fae-41a4-8d06-f1772a25ec7b,фотографии и негативы
8aab5c0e-8146-4d0a-bad9-79bdb023ddcd,предметы печатной продукции
bb291a4d-d869-4985-b648-eae23522ea2a,документы
14300597-22c2-44ad-b4f1-980ee07961f6,предметы печатной продукции
94ac59c9-6bba-41ad-ace6-4646ca0fce1e,редкие книги
ac000d17-a981-4e7f-b423-10a6acf63eab,фотографии и негативы
4a04f20d-9741-49ab-bac9-de82b7635d68,предметы археологии
30a8ab5a-c817-4575-bc71-13850731fe5d,документы
600233c9-4f3a-49d8-bd93-b1689e8a171a,фотографии и негативы
117d3d78-bb6e-4c37-bcb6-aa8810ab353a,"предметы прикладного искусства, быта и этнографии"
f0a6055e-2d1c-4cc4-a016-ecd959fbf9bf,живопись
0ee6e6cf-d69c-4497-b417-48ee42d1ab4b,"предметы прикладного искусства, быта и этнографии"
5c7d14c7-2976-4c28-a63f-6e92aa62adc9,"предметы прикладного искусства, быта и этнографии"
1b7decbe-5c65-4e6b-8c97-b9a198931041,предметы печатной продукции
7b029b6e-949c-4e56-965c-ddf610ff8cc9,документы
dfe32f99-fbc5-4923-b350-1b2070f357ec,фотографии и негативы
9afe3ff0-eb6b-4a5d-a9e1-68928e4e369d,документы
08fe84de-bba5-4f1d-affc-b258136eb6a0,редкие книги
d5ebdc2b-ee53-46ba-a26c-7b2dc55c8cc6,"предметы прикладного искусства, быта и этнографии"
f94b3e53-4571-4605-8874-466d9875ce5f,фотографии и негативы
bc55a14e-9eda-49cd-84c9-bfea0da77044,предметы нумизматики
e7721a0c-95ab-4fec-820c-d76bd7734bb3,"предметы прикладного искусства, быта и этнографии"
6a2bcfc4-c374-45de-9a64-f76bd69bbc23,редкие книги
a311b334-746c-45bf-8921-d69bd4178361,документы
9e3cdedf-b3fe-49b6-b1cd-b194e6688338,предметы археологии
6861ee73-4cef-4423-99f8-7e022e144586,предметы археологии
df1a500c-98b8-4226-83df-236e25b4f156,графика
7519ca50-b4ed-4dcc-8a48-849e3713666d,предметы нумизматики
ef47bab8-4911-410d-b6e5-ce6253c69fa7,прочие
9fb585ac-6ac5-4e2c-b17d-eca6a9c1cb17,предметы археологии
d73d7f4c-3cce-47c2-a285-b0bb48186167,фотографии и негативы
0fa1fe29-761e-450d-b980-397a6aef5c9e,графика
ebdf24f0-f00b-49b0-9906-4033e9c658cb,фотографии и негативы
4a1e08b4-525b-4fc1-882e-4678ee3138ca,предметы печатной продукции
d1ffb6cd-7110-44ce-ab24-7e1fba9217c1,документы
aba5a5fe-d08a-4265-a16c-bc0a5fb2dcba,фотографии и негативы
2c0d5d1d-9deb-49bc-b207-3678f45fe0c3,фотографии и негативы
d5be0e2c-317f-457f-a642-1c067d9a46be,документы
0f51e246-cd8a-4b4c-86d9-e50cf91480fd,документы
ac0b9cc2-7f6b-4b03-b0a5-5a745c8fec54,предметы нумизматики
cce929c0-a23d-491c-867f-6e03e9afcdb7,фотографии и негативы
2d2650ba-7cf1-48e9-be5e-6f6b8020704c,документы
b3325c2e-dfa0-4ab8-843b-0d63403aa1dc,фотографии и негативы
272c3556-bfdb-4f86-8e68-21e8deabdc05,редкие книги
ad9eff83-132b-4bd5-8964-9c72f7aebe68,документы
d5cb4d7b-2d82-4ee2-a4ac-4d8766a6fc9a,"предметы прикладного искусства, быта и этнографии"
2701c5c3-4b29-4267-8584-0285bb6b5274,фотографии и негативы
af163753-08e0-4726-b84f-60c94d8a4e5b,документы
2fd357ce-9493-497f-b256-d298994fdc6c,фотографии и негативы
35294f57-694b-432e-b2ce-9c394891f640,предметы археологии
5ce8fe58-38ba-4d87-8cf7-30f64e541631,"предметы прикладного искусства, быта и этнографии"
c7e8e411-1e34-48db-bfec-3f8bba23250a,"предметы прикладного искусства, быта и этнографии"
d319327e-0453-4b38-839e-b4d0aa9512db,документы
51aa17d5-b6d6-48eb-9baf-34c0cba79d50,документы
2a35acbd-7608-4287-a27d-98030de0afff,предметы печатной продукции
0ad672f5-7f75-49ae-bf55-a921356ffd46,документы
e88a7d9a-717a-4807-a966-239b14abda49,фотографии и негативы
53aa44f9-9b39-4b65-ade9-9999d6b0c505,документы
e73c9d4c-5ad8-4a36-888f-18b07cd308b8,предметы печатной продукции
0675921d-d00b-4fe4-8d4d-eea802a093eb,документы
24254812-7c6f-4f59-9518-6da701ae72ed,редкие книги
b54bae5e-9063-4af3-affb-b356c3f8905f,фотографии и негативы
05286f44-d566-44cc-95b6-6a0123db0a85,предметы нумизматики
a7d6fae4-e9ff-414f-930d-86144ec52ad0,фотографии и негативы
b89d3bdf-f6ee-4ef6-a9a6-5f73c86b93b2,предметы печатной продукции
17844270-6ef3-4cd6-a65e-274391735553,графика
5ad13293-1423-4a57-b776-af1dbb324195,графика
f99a6250-0dd4-4ea9-bedb-b8b12c67b86e,"предметы прикладного искусства, быта и этнографии"
841f00a0-1b26-446b-96e2-c945a0eb020d,"предметы прикладного искусства, быта и этнографии"
a1725ece-b3ce-4dd8-b941-3a7442650fd3,"предметы прикладного искусства, быта и этнографии"
d3c40f7b-bba9-4e6b-9dd2-4c6af3b253c7,фотографии и негативы
ec517262-84e3-44ef-8e2f-272ea50c5246,графика
635be028-3869-4dfe-93a7-ef8c0ba4dbf7,фотографии и негативы
aed8469f-e676-4828-962d-d125f76494c9,фотографии и негативы
cba6f869-2dae-4f12-afe4-b314285e6c93,"предметы прикладного искусства, быта и этнографии"
9271a58c-8aca-40a6-997c-7fdd7dd56976,"предметы прикладного искусства, быта и этнографии"
b76fb1f8-282c-4215-91b5-e9e6025f8294,редкие книги
79af89d6-602e-409f-a50b-4d14ff8ba858,предметы печатной продукции
be350ab9-27d7-4e53-b4c5-6cfbb2270e2b,предметы археологии
12bfb454-7bf6-41d8-9f5c-4d2ce0098805,редкие книги
331632c9-b3b6-44a9-9354-992e7a6c78c9,документы
d6b55f9e-f7ec-4d8b-802f-96ae9a11d147,фотографии и негативы
7bdd1309-4f7b-4c66-9f78-48f283ecdf5c,фотографии и негативы
f9b108ec-e1df-40a1-bf59-61848f67f676,предметы археологии
8c34ed76-4a93-4aae-bde2-1a1c60537e13,предметы нумизматики
51af8991-8b22-4fba-9c88-340236bef14b,документы
593a53af-c812-4065-9132-61728beeaae3,предметы нумизматики
98ba3659-ad70-4f76-9bed-b30e01ce3e74,документы
4dc46f69-bcc9-4450-a66f-383bbefe1ce5,документы
a5750233-96d7-4650-9a25-365b0b379686,редкие книги
1550b6af-627e-45c5-b74c-148649c27f8b,документы
ac6b019d-465e-431f-a57d-bb3e1ac63f53,фотографии и негативы
4497564e-1307-47c7-8df4-785fe555f287,предметы археологии
c9d3c277-f07f-4bfa-8251-b4658c3d80c5,предметы археологии
5d7dc886-b910-4ba0-81af-822034f6c089,редкие книги
a67f829e-7c9a-4223-a725-26b0f9cee1c1,редкие книги
dc92065e-ce53-4878-9d18-250cd654aa43,графика
40e450fb-3da8-4c7d-8ed6-f875a4719a0a,редкие книги
976f441b-a29c-4453-bb23-daab1d2181f1,фотографии и негативы
4b934c57-e602-49c9-a337-9756657f4ef2,редкие книги
422d4486-b5d6-43ae-8c0e-366bb7eb1699,редкие книги
bfd34fdd-0517-409b-8367-da7e628dbcd7,предметы археологии
e01b4684-3c2b-42eb-a142-173fd9246a08,"предметы прикладного искусства, быта и этнографии"
3790f43c-0c6c-4be6-87e2-cc38f25968c7,предметы нумизматики
9e4be9a9-dfd2-42e5-9cf5-9f02bcfe3a3f,фотографии и негативы
1b0fb1df-19a2-4830-9e3a-34b9b85c51c0,документы
caafc9a2-0da5-48e6-ada2-f0399f35a350,документы
e46ba3c2-114d-4b47-b78f-f142f2eba580,предметы нумизматики
d8557b7d-9bb1-4bd7-8aca-ad189311b1eb,предметы археологии
858ffe45-ef8d-43df-b179-cbc917c88b6d,фотографии и негативы
ed927816-ab77-4338-b5c1-8977bf0d9035,предметы техники
7117be9e-0624-491d-bf42-eeb223ffaf86,"предметы прикладного искусства, быта и этнографии"
f2c3cc94-0fed-401d-92d0-c46e5387b6d2,предметы естественнонаучной коллекции
a6f2fd75-da47-4c8a-8b07-548ddb914429,графика
f214be2f-a44d-4b33-9de9-c107d61ca66c,фотографии и негативы
30e86c2c-d090-42ee-afc2-590b0002936e,фотографии и негативы
3fb82520-4157-42b4-83bb-5bc8aa39509d,предметы печатной продукции
fcaa0c6a-8419-4bb8-8a1c-28f8cd7b09c1,предметы печатной продукции
821756d7-500b-4d2b-a667-0fd7fd3d5b3d,редкие книги
462a6b49-2ea3-43e8-b3d0-7f23076cea73,фотографии и негативы
505827cb-dfe9-4b8c-a705-87ab66d947e7,документы
07a1bc08-ac08-4bd4-9fec-efd6000e0e1b,фотографии и негативы
90950b31-2a93-4e3c-a630-59fe8cef063d,документы
7d68df72-a519-4bb8-8beb-1f89f36d8ae6,редкие книги
b32d4210-5365-498a-9a13-18896a8a3164,предметы естественнонаучной коллекции
42dbf5e5-1559-47d4-b152-d4bb045cc851,фотографии и негативы
9ef3feee-ab52-411c-b0b8-5258f2d3c2d5,фотографии и негативы
27771ac0-03ca-4f74-8745-9426b672d26d,"предметы прикладного искусства, быта и этнографии"
e534366e-a4fd-47d9-b2d7-8f5d415d3581,предметы печатной продукции
41fdff9c-1b25-4501-aba8-070ee77d437c,редкие книги
c52f1a2d-0b1e-478b-b366-a8d0aed353d9,предметы печатной продукции
78081281-324c-4338-b9ca-b37d8430a655,документы
a7e560a4-22e2-4820-8140-34e1586cbd8a,редкие книги
58f3f2e7-3b09-42bb-8242-926c97a17312,"предметы прикладного искусства, быта и этнографии"
19a5204d-8bf0-4985-ad4c-f6c6cd1511f7,предметы печатной продукции
a1063c8a-6977-4f78-8618-1c2f1509b932,графика
6912e556-d293-4eda-8b38-236a0a163210,предметы нумизматики
c6ac1ae8-a000-44b6-8c3c-34a0645eeba0,предметы печатной продукции
e88a72c4-5642-4fda-86a2-a7e5b9beaffe,предметы печатной продукции
1bbe4935-e9df-4809-a39b-73f7b0b23a18,фотографии и негативы
9c0187c0-4308-4fd7-961a-2a9ed616ec49,предметы нумизматики
d35ffb61-24e1-486f-bba9-9bb377a036ba,прочие
9a417533-4a86-472c-ad34-7b0c21ea0b5b,предметы археологии
a381981d-651c-42bc-954e-75e5eb8276ca,прочие
10a1004d-9857-47dc-a2fe-ef1793497cd1,фотографии и негативы
5499d133-10f6-4a16-8ab9-a552868cef43,графика
839476c1-9476-4483-92b3-593fabfd4a2e,графика
c11d4958-6e42-4bc1-8711-e539036cf5cb,предметы археологии
a8310d29-4ade-4c82-89dd-720fc21d3c51,предметы археологии
a63a83ed-5ced-45e7-ae2b-3a177746c0b7,фотографии и негативы
1dc4a9c2-d48f-475b-ac72-611e039da046,фотографии и негативы
8bc35a15-aca6-4773-a962-45f48a02a5f2,графика
2a72c14d-b289-497b-a539-fdb37b1b7ee0,графика
471e6fd7-7353-4544-964f-4fd630471c63,живопись
79483e02-7ea8-40ae-a4b4-db651370ee44,живопись
bc4bedb2-085f-4d67-9a76-dacf8bf82197,предметы археологии
ac67fb45-114e-4b98-bdf3-7114ee989144,"предметы прикладного искусства, быта и этнографии"
1b03d3fa-a04b-419e-ad19-d21c8b359fe0,предметы нумизматики
b744df01-2e8d-4ac7-832e-5c81d42885d6,предметы печатной продукции
cb9c7a2c-3ba4-43c3-bd94-5e97bcf8f2b5,предметы печатной продукции
e3187de6-9487-4283-9f84-5216e86febc6,предметы печатной продукции
fb2ae4b5-460c-42ef-9d10-961ee907364f,прочие
cbdc3034-6ccb-40d9-888a-a711efd6ed39,фотографии и негативы
3d193377-76cc-4242-bb81-87d46fe3d64f,документы
87ec0a1c-1946-4ea2-92b2-05977f958e0c,предметы археологии
797384b9-9718-4489-865f-5dbdbaab5e15,предметы печатной продукции
0471f72d-d077-4f5e-bda5-83ecd3d946d0,документы
6339acb1-09e3-4d2d-a6c9-8bfc928985f0,прочие
b192d3bc-4f69-4ab2-94f0-c5e3b67d11d7,"предметы прикладного искусства, быта и этнографии"
7c4010ce-77c3-47ad-8e5e-52c6f5ea079f,предметы нумизматики
d875ba2c-8d60-4c62-8076-02cef7343471,"предметы прикладного искусства, быта и этнографии"
ce73bf86-7245-4358-b947-5da295c3f361,предметы печатной продукции
52e18672-707f-460f-ab3a-45ffcd34fdb7,предметы нумизматики
fd96b9ee-01bb-4e34-9ae4-d200c7826211,редкие книги
fd2cd4a8-cdcf-4484-adf6-bad91a2c472a,предметы естественнонаучной коллекции
236abf6f-33fb-4892-87a8-8027d83ed9c9,предметы нумизматики
4cc275bf-a7c9-4f68-b9c1-231f02e67cb9,документы
54c99de4-a9fc-4245-b066-58e820bcfbe6,фотографии и негативы
5f58697e-a283-4550-a63c-37792d94a5b1,документы
100b2a54-968f-4644-b2ac-7edf10ec4a57,предметы археологии
c8f7d150-b122-4dee-b9b6-5185d9850b28,фотографии и негативы
6ec2fa51-302a-4edc-b254-62019bda93f9,предметы нумизматики
fa6f0479-1abf-4f7c-87b9-81c0fcc1daf6,предметы печатной продукции
cad359c9-76c8-4184-8d9b-b08398dfdfe7,предметы печатной продукции
931482ca-218f-40d6-97df-92c34b9b1de0,предметы нумизматики
8bed1bfd-f3d2-4ebe-b72a-90b84a4c89df,предметы нумизматики
7ba6d56b-a890-4605-bf4a-ee334f4be6ee,фотографии и негативы
024d2e50-6f0d-4ced-9bac-2caeb4b048ee,предметы печатной продукции
b01efa83-bcdb-47d7-86d2-34083715fb79,предметы нумизматики
8a6fb3ba-bd5d-450c-ab1d-ceefd17cf730,предметы печатной продукции
86cefb4f-13ec-413f-a89b-aa86fdfa0742,предметы нумизматики
df657e15-7a39-4182-a1de-f5d7534b97ca,предметы археологии
40707f52-f7a4-436e-bd9b-7c36b3ffc295,предметы археологии
fb595ff4-f226-4541-86b5-dd4b2a4f6fae,предметы печатной продукции
e0490f92-81b9-4594-bee8-dd43b79ffd31,редкие книги
39dc1e94-43e9-4b77-bb6e-924aab2dd73d,документы
9d9164b8-3270-4fcd-8e1b-56b5b8a05471,графика
78c1397d-a32a-45b9-b9f3-649524613812,предметы нумизматики
a11cafaa-8dec-4f2c-9b16-8802fd034219,предметы археологии
3ac1347d-9d1b-4c7e-8fb2-20ff04eaa2ff,фотографии и негативы
415dab78-21a7-45ca-8289-f3ec9226254b,предметы археологии
cc5274c9-101a-4b73-bec2-f35e34255b8a,предметы археологии
6bce6f62-aa1c-4ca2-8615-f8f2bf4c1cd4,предметы нумизматики
c770b5d3-a8c1-4351-a282-2d57636ad532,предметы археологии
47571c3f-a19d-4b80-885e-1955bf299f24,предметы археологии
fe2d59b1-c5a9-4045-8fde-6ae8b763079d,предметы нумизматики
1a656070-4c2e-4393-8106-f18e9d364d94,"предметы прикладного искусства, быта и этнографии"
91d0e4fc-f7eb-41ad-b080-b5585d7944ec,скульптура
23da033a-a1fb-4637-87e8-f301c463dcbc,предметы нумизматики
a41b0915-3d78-4c68-924f-dac7d8369bc9,предметы нумизматики
c5edd353-ce38-4798-8341-452e09ae7bff,предметы печатной продукции
231ca9e9-99f5-41fc-9e88-be6a38fed270,фотографии и негативы
f342ed48-2d9f-4cb9-b97a-c14175fda91a,фотографии и негативы
f5961467-b2d9-44cc-b618-8d27700ae9fe,предметы археологии
d155edfd-7364-4b49-8c23-986ad77f1f79,фотографии и негативы
a9e8026b-3e9d-415d-9f92-33f4e88a74cc,предметы археологии
87ef825d-0f6a-44b2-858f-dd44d44c726f,предметы нумизматики
ba5f87ff-f759-4c22-b1f6-43e6f4ca0a90,предметы археологии
bc2c6726-1e89-4ba5-a709-790819954d31,фотографии и негативы
9776921d-6d64-4666-8361-28b22fba7a81,живопись
b4b572ec-1992-478a-8a41-68aa89fbfea9,документы
55941306-809a-4be9-9d3b-1535f805c55e,предметы нумизматики
70ba8207-f6ff-42b1-bec6-ec04574ce8ed,графика
7350edbe-0df3-4861-b2e0-8b7081ea3491,предметы печатной продукции
f0e62aae-3f28-4592-939e-1aa7fdfae12f,редкие книги
30ae3af9-f4c4-43ec-b7bb-e936520f6378,графика
43fabec6-f5be-44a2-8168-64391f3c2003,предметы печатной продукции
1ead9876-aaf2-4030-b637-0e6d739854ca,документы
a2f90709-b17c-432a-ba76-2c98b4b33d2b,документы
2ac40d02-bd97-45bb-82bd-fc3777e0a356,редкие книги
c3647e48-b3c1-4a5d-bf70-d7e3c49af875,фотографии и негативы
6b2022eb-5d02-48fc-ba2e-7483908c5f23,графика
d6298871-a703-474f-a091-4f503753cf93,документы
0b9e0ba6-c884-4632-94df-eef2a957f22f,живопись
704508b6-0b9a-4bfe-8bc0-239328dd56a7,графика
b1f7e35f-e83a-49f7-961a-9ac1d65d712a,графика
c1498a74-27c1-486b-9315-ccaa54d787d5,"предметы прикладного искусства, быта и этнографии"
077aada5-58ba-4a68-813d-7600d521a680,предметы археологии
f0a42768-64e8-4ab2-8b7b-65f002034027,документы
5274a484-f677-446d-97c7-0ff4f656988c,документы
5cced79d-7272-4593-ab29-9e1fdd1c63d9,документы
da86182f-2ef0-4e52-9b08-f83bc82064bd,предметы печатной продукции
329e1d78-685e-40c3-b426-13cf4c7d69b5,документы
3b0f1426-947d-49fa-a599-b8028dc6fc8c,графика
c9af12af-244d-46c3-97b7-2033e5a106a9,графика
a9039a2a-477d-407b-ae27-8dbfecf47f33,фотографии и негативы
fd22d4ad-364a-4c67-8fd4-8a04f9bd5c1a,документы
74fc62fd-2883-45db-9060-48a6141fe299,фотографии и негативы
0d71aa90-655f-4571-8a2e-33f807ed8957,предметы археологии
7776e102-9ab7-4bdf-a7da-d5ded654e3ed,предметы археологии
d7ea99f0-080b-48bc-9e1a-c1c8fd196c41,редкие книги
a05edd8e-a39b-4a98-8d88-f2c2d41ed86f,предметы печатной продукции
63aba1a7-ef2e-4a92-bd87-f10f7ff7bbbd,предметы археологии
c710a6fb-f232-4e01-a69b-e530ce29929c,фотографии и негативы
238a5c3b-6fbe-4b82-96ca-1b90aa054e4c,графика
5240d1dc-e358-452f-8616-517463773358,"предметы прикладного искусства, быта и этнографии"
8cf94d5c-556a-45a0-aa3c-b087665c9a93,предметы печатной продукции
5de01b0a-bb5e-45b1-98ed-671e47880bc5,предметы археологии
7bea105a-1e22-4416-b4f0-06d5a05d8c18,предметы археологии
8e4cdfdf-9452-4089-b7a0-334dc16bb71e,фотографии и негативы
9d28c84e-94e6-4dd8-a040-761e3c2fe374,фотографии и негативы
ca44ca03-a56b-49d9-8c7d-ba13f63bd45d,предметы нумизматики
990fd5e7-cdf1-49f9-9196-2bc86c43e838,документы
5195dcb2-5b0a-4656-b042-573dfd460865,предметы нумизматики
00563ac7-c718-49ed-8c7e-f7dd9d98a016,фотографии и негативы
12f14405-0e23-4aa5-9a61-ea2b255e94fd,предметы нумизматики
2a2ef673-ab74-4fa3-94d6-c05a0f2e0142,предметы печатной продукции
25dad13a-e0ce-40d3-b5f5-4970df0bdc10,предметы нумизматики
f69fef0c-1174-48a8-b31f-5d8997bc3d51,"предметы прикладного искусства, быта и этнографии"
da89799a-0812-4854-835e-67350f28f9fe,предметы нумизматики
24f98fd8-5bbe-4250-815b-758d62ca15ab,прочие
fc37c78d-2a67-4736-bd53-e25eeaf3b2d3,предметы нумизматики
bde03f74-cb1a-4364-9023-562ad8cde9d6,"предметы прикладного искусства, быта и этнографии"
7f3b0faf-da15-4b08-947e-bc1a5f639f12,предметы печатной продукции
85730fe7-1c03-4395-86aa-1b11e33bfbbc,предметы естественнонаучной коллекции
dfe3e7fd-41c9-42ca-96ba-b525b410c89f,предметы нумизматики
a85911b9-5d42-4147-88b0-86b94a238927,предметы печатной продукции
7ae75a66-3dca-4529-a21f-18ec182cca76,предметы нумизматики
938e0f82-ad49-4aac-b7b6-0e2950285694,документы
1783d70a-45bb-484d-9245-5768024e0eb5,предметы естественнонаучной коллекции
bb6ce494-4f54-4de6-a645-9bb8207c0a22,предметы археологии
d9bf9bf0-dc96-45a3-9221-7a2f1c250445,документы
8240431a-6758-4336-bc92-8bec1bf06340,документы
6092f898-025a-4c7f-9206-bb1cb239395b,документы
6b94527f-99bc-4e30-828e-8a60d2009974,предметы археологии
dfd3bac0-0796-4c3d-97e1-63e6b6a665e6,документы
32b93229-3048-46fa-9fc4-1c2b2d829bb7,документы
e5dfa911-2946-4253-b5f7-3822036c9458,"предметы прикладного искусства, быта и этнографии"
27cfc3d5-e9de-4dce-bf4e-469d1c74b08e,предметы печатной продукции
ac18cb42-58b0-431a-8aa0-5de321021cc0,графика
befe7d4f-484f-4a7a-b022-8be9d68d6d49,документы
e00b7260-9fce-43c7-bf2d-7dc2b5f75ed2,фотографии и негативы
c0de77b7-268f-4665-ac84-3303932e6237,документы
354b4cff-1f3e-46a9-b288-44bf997ebed4,предметы печатной продукции
43200753-b627-4c93-b489-2adbe603bfa0,фотографии и негативы
c165abea-bbd8-4f41-88d5-8678606e5042,графика
409acb1e-1513-4b8a-86ec-7ab7458359be,документы
98dbd9d1-6930-4198-8eb2-ee7b9424dfac,предметы нумизматики
34344d51-172d-4201-9d7c-bbed55081a46,документы
7d5bfa01-bb07-4a8c-aebc-aa9b32546c8c,предметы археологии
3b97dacb-4994-4010-8df8-fe7cd1a5a98e,редкие книги
5d7e7b33-b11b-4dac-9416-fdab141e1d43,предметы печатной продукции
f23b54a3-80f6-476d-979c-9699be1d0005,редкие книги
2b405238-689a-4969-bd6b-452a7fb6fb1f,фотографии и негативы
2d7d5fd7-ebec-46c6-ad5a-ff76ff1f55a8,предметы печатной продукции
4d269728-8f29-4e81-be56-301f25fe9866,предметы нумизматики
365f1035-817b-44ba-b42c-d04a8a212b3f,графика
eb10f5b2-304f-46e5-bde3-f18d9c3e2904,фотографии и негативы
5f8c52ca-9959-4aa9-9997-50a5ed5d03d1,редкие книги
ea3d8f46-adb6-4f39-bf8a-f16fae101c82,документы
a02a2d1a-594d-45f5-9519-b4b1f5bfaba9,фотографии и негативы
875cd252-cb8d-4206-9f43-83464e16a03e,редкие книги
71ecc25e-35fe-4e83-bbe9-d668b907e6ba,графика
6ea5dcaa-5e32-4feb-9f5e-1be185e05d26,предметы археологии
04c6d880-3ad1-4fd6-b43f-268da5dc191a,"предметы прикладного искусства, быта и этнографии"
1d3471e3-285b-4285-8445-cb55aaad4bba,редкие книги
2adea54b-2be7-4f7d-8dae-8c7d98060290,фотографии и негативы
f7831f4f-43be-4bcc-a2d2-cb3f1bcb4d4e,предметы печатной продукции
92a782eb-b69b-4ba5-901f-18fda1d01055,графика
41fe14eb-dcfc-479f-b169-35d8f9fa5d54,графика
94c675a0-50d7-484a-8999-e272a2e7673c,предметы археологии
20bc22df-34df-49cc-afab-57810fb2fbc0,предметы печатной продукции
8edd5e11-7bda-4c9c-9694-f41397c0c746,графика
34f949d1-3beb-4bc0-92f6-d7496842c756,предметы археологии
e44e3170-53a6-47aa-ba5e-039d068ef446,"предметы прикладного искусства, быта и этнографии"
7339aad5-bc6f-4643-ad57-b54a8727bba2,документы
bde8b8e0-05ea-4c02-9da5-0b1f97baa021,фотографии и негативы
4270036c-d480-49e0-97f6-bb6b04fa3085,документы
7b4271d0-00e7-4cc8-9fea-3e954b03e4ae,"предметы прикладного искусства, быта и этнографии"
547e6c58-6130-412d-a7bb-cbec8b78916d,"предметы прикладного искусства, быта и этнографии"
843cd6d3-26c2-4519-b136-1ee024d1eb49,"предметы прикладного искусства, быта и этнографии"
a511afc9-fe88-4bc3-9069-c491da983c62,предметы археологии
2c9126a7-5e33-487c-803c-28e7bc63fe89,документы
7ad3f5c5-825e-4a85-9a73-8b2f3a8f04be,предметы археологии
92846eb8-76e0-421e-917f-75f72bbec643,предметы печатной продукции
d7ef0d02-56bf-4ce4-862c-6f46b8e52ea2,графика
abffab98-25da-49fa-a7ec-a7d0623863e8,"предметы прикладного искусства, быта и этнографии"
cebbf1e7-d572-4ebc-93e6-4eea77a48e3c,предметы археологии
61aa901b-672a-44c0-9af4-b50416172aa8,графика
f5ed2e12-eba7-4990-8def-8351c4d6060e,предметы печатной продукции
134823a3-1176-4062-8666-368d56630f20,предметы археологии
56b6ae01-11ef-41b3-8ebc-47c52aef9a6d,предметы печатной продукции
4f5431a7-9f99-43ad-a693-8a8180d5fb36,фотографии и негативы
764721b3-3ae8-48ae-9087-1de3d42bb010,графика
f634a6fb-98a7-4b72-b031-d5eb5fdad328,предметы археологии
1e73f6f7-9ea4-4dd2-b4d4-cf519433634b,предметы археологии
b34e8f5c-220c-493c-9495-dabc8067a17a,предметы археологии
4cc5d8e4-4df1-4a45-8682-1fbae3287f2c,предметы археологии
82c91b55-5e37-4055-b377-0a2ed8a98f3f,"предметы прикладного искусства, быта и этнографии"
661a3827-82ac-4538-a3c5-3a6d001beb16,редкие книги
75feeec1-39fd-43df-ba5f-55265abe1d53,предметы археологии
e806c34f-8fae-4ac3-8694-d3c13cc280df,предметы печатной продукции
7c6c4ec7-4daf-4dfd-ba5d-9a2daa59d8f2,"предметы прикладного искусства, быта и этнографии"
0ee28f78-ac99-4f53-a6ee-15a48778d8b5,предметы печатной продукции
f7eb81bb-3807-460c-966a-f906a4a4e0a8,предметы археологии
a8e09eb5-6d6a-453d-a7c9-c61095f1783d,фотографии и негативы
d97fcf46-a651-4fa3-96a8-f50594e4ca0e,прочие
49a312f0-732c-4e7c-82fd-3e3731a6d581,предметы печатной продукции
fc85de74-1420-4189-b16d-d948c1e4246a,фотографии и негативы
3397fc21-fac0-4f3c-9de1-a32ce5213c8e,фотографии и негативы
ad5bee46-db86-4cb2-8968-14eeb8290b05,документы
ebac611a-3729-41cc-a91f-b2474cc8ebf0,предметы техники
b7c13a62-1661-403b-85c7-a292e572f138,предметы нумизматики
ce2cfdaa-951e-4b87-90c9-0f20ff89ace5,предметы печатной продукции
91e811a6-cf58-4e16-bf7e-46fc22b1f101,предметы нумизматики
ff0d1e08-82fc-49c1-995a-829870055663,предметы техники
140d6b4e-3058-4a8d-ac7b-e1db3300a306,фотографии и негативы
37d67e66-bcf1-42d3-baf8-384d21a3e431,документы
ba3f92d6-dc72-4b71-bdc4-97073269138b,редкие книги
2dddbbe1-7b7f-42ea-84a0-c80a660a79ea,"предметы прикладного искусства, быта и этнографии"
6266974a-78ae-4254-beb8-6819bbdf4c1e,фотографии и негативы
ecbaa7a4-0c0b-4eab-96f1-71b6b8afe9b2,документы
9a9fbff9-5379-4036-98ed-d89ea64ec9de,документы
b73689b6-3cc2-4110-a8d4-691c5beaf65d,предметы печатной продукции
c492e3ba-b565-423f-b9e0-5a35949abb98,графика
41b2abec-cf65-4bd1-afd5-0bba038c4d3e,предметы нумизматики
f88699ff-33e9-49b2-bb8e-0e2e8bae95bc,предметы печатной продукции
f9c55d53-bb27-41e8-afd9-b80d92e1592b,графика
39668e1c-c1aa-45d2-855d-5d609598c586,"предметы прикладного искусства, быта и этнографии"
f471ca43-b39a-47a2-a9b9-79cd0ebf0036,предметы археологии
35d284f3-9cc9-4b4b-af3a-edbbe10af54a,фотографии и негативы
a1bb479b-336c-4d8e-aa83-fc5cc5d7cedc,редкие книги
34046555-df75-4d49-adbf-b501a3a1ce7e,документы
8b3988a3-0515-4cfb-aa46-0f0375c137f5,документы
27a2ccbf-a879-4194-91ce-1b7bef4704dc,документы
2c671262-84bd-4950-8089-f3b15e10b26d,предметы естественнонаучной коллекции
4529505e-e89d-413b-97df-bd1bf6e2b1d9,"предметы прикладного искусства, быта и этнографии"
a0a8c2cc-bc75-4f58-9263-16491d6794fa,графика
6a0c78c6-0dda-46b6-8d7b-37bc2a28c756,"предметы прикладного искусства, быта и этнографии"
2d84f468-5abd-4e00-9460-f8f81d9eb17e,фотографии и негативы
a964c7f1-d735-45b4-a27a-af6928fe1445,документы
34ee6191-3de5-42f9-8874-5508e4a2827c,фотографии и негативы
a39f4ebc-00de-4ee7-a833-6b2f5052e609,графика
8defb51d-466d-4548-bf35-dfd787fb80cc,фотографии и негативы
95b92b9a-74ea-4fbd-b7c0-169dfb55c4a1,фотографии и негативы
7246693a-f6e3-4748-9ba0-c3b2477f68a5,фотографии и негативы
6769a47b-342f-46a8-b6fc-84accf9c2565,фотографии и негативы
030eda57-3dcf-433d-b63a-27cae8b65c92,фотографии и негативы
01774486-2287-42f2-a71f-aa896ee6fd46,графика
700a2c89-ed6f-4524-aca1-5196b8543c02,документы
c66eb632-d4dd-4c01-a15d-8bae61df9cb5,документы
010735f7-c47a-48c8-8a76-856388556e4d,фотографии и негативы
195cdc62-0946-4d10-b827-10e0d595a5d6,предметы археологии
39b39024-7f92-441d-9667-debb40bfe1fb,документы
d8130bf6-50ce-48d2-aabe-9e680fbf5bea,фотографии и негативы
5c0a343d-7924-4c1f-8d44-26b4c4d3fb85,предметы печатной продукции
fabc3ff9-d442-41c6-9609-1fbcdf717a45,документы
53a7d890-7574-4367-9ca6-84adf919f0cc,документы
eceecf84-804a-4744-a2b9-cbd0d4d487c0,фотографии и негативы
0f969757-5b8a-49eb-9d1c-626be6299181,документы
71680b2a-3a23-494e-a97b-b829fdcf6183,документы
537cae98-8332-4ef8-b0ea-d12fb2289a55,скульптура
2fa01cda-676c-4f56-9055-9617849e1bfa,документы
6ff73efe-b7d3-42b3-b5b0-85e58464014e,фотографии и негативы
e41d368b-fd16-4327-99be-059c1302e764,предметы нумизматики
7015ae4c-9a08-4353-8994-b4f2536a7f13,предметы археологии
4028eb6e-b04d-4df3-a8fd-28c0af9e274a,графика
0bb6159b-0bb4-496d-b30a-91969aaf9037,предметы нумизматики
1024b65e-4b36-465e-9923-5397159903b7,графика
ca8b4425-a87b-4b07-818b-00139cc7f59e,"предметы прикладного искусства, быта и этнографии"
69259656-0ab3-40c7-b765-10d8b0eae517,фотографии и негативы
ceee8b80-6c2a-4853-b69b-b9c857e8b8e9,предметы техники
45d84430-c3d6-436a-b2b0-84c02a79d1e8,прочие
d027c401-883d-478c-be95-3d0e2a84c0a1,"предметы прикладного искусства, быта и этнографии"
5dfae622-1be3-4c2b-8b3b-646a5282fc0c,"предметы прикладного искусства, быта и этнографии"
abd8fd01-afcd-455c-a395-24e74b0698d3,редкие книги
886e5aa9-99be-453d-be7d-4b3fc5c5a0fc,редкие книги
591da6ee-d9d4-4a00-8c59-db4c5a715d9e,прочие
e25aea1c-a8ae-491c-bbe1-d8730ca5a0bb,"предметы прикладного искусства, быта и этнографии"
e8adaecb-0f52-44df-9e51-80a80ac4439a,"предметы прикладного искусства, быта и этнографии"
8170e407-cd70-41b2-8116-9425e4e41922,предметы археологии
c374b185-74e0-40ab-a64e-64436315c4d1,предметы печатной продукции
a3df6c32-28f5-4cbe-a2bb-30194d57a45e,фотографии и негативы
03d6a313-56c4-4040-b8b4-29cf0ce5d756,предметы археологии
8d6eac28-db01-4c29-8a40-dde18de99397,фотографии и негативы
5735fc32-e087-4be5-a43c-c78af1e17e03,предметы археологии
3be59e6b-2ee9-4430-92ee-ad2ab939ac83,предметы минералогической коллекции
98c40452-aeb5-49f7-b087-0d25b3c51b27,предметы печатной продукции
39815f36-3736-422c-b2f9-da1afbc26f99,документы
4ced20dc-196d-409b-a94e-5a501bd446bd,"предметы прикладного искусства, быта и этнографии"
0460aeb6-2705-4a4d-98a5-860859cc2d42,документы
a70bd825-f4ef-4ff9-bdea-2da3ce158373,фотографии и негативы
3ff36436-1f22-4927-9b40-11c96e511b15,фотографии и негативы
dc8362d2-e405-4b8b-8858-e408706a5a09,документы
ab1bab99-c5c0-4bb1-9b18-9176dda69086,предметы нумизматики
1e302c44-ec1e-4d6d-bea4-9d099f306dde,редкие книги
5cedde5d-6e79-402a-b500-fa7f245643d0,редкие книги
4a8b6717-2981-420c-ba52-dd3006b584bc,редкие книги
1725132a-404d-4f09-a196-fcb9b7371926,"предметы прикладного искусства, быта и этнографии"
e566198e-85dc-4e0b-994a-987e66734cac,"предметы прикладного искусства, быта и этнографии"
b0066bbe-1a18-4b4f-97ef-f94f22440cdf,"предметы прикладного искусства, быта и этнографии"
7302daad-e0dd-41a6-9adc-172399ec4657,"предметы прикладного искусства, быта и этнографии"
0e43181e-0be4-44b8-9e1c-ce99180a3185,редкие книги
6e8430cc-bad2-4f01-9955-2372955e6ae8,предметы археологии
98242148-bac4-423e-903f-bad3415b2617,"предметы прикладного искусства, быта и этнографии"
dbd9072a-7404-45a8-9b64-ba87818d1fbd,документы
a7229b86-7de7-4970-a0ed-4f23d143e1fc,"предметы прикладного искусства, быта и этнографии"
c64d90c4-036e-499a-a8d8-53071f886892,фотографии и негативы
7c91664c-d698-4403-970b-ad278f63bc58,фотографии и негативы
29f5be54-0fd9-4088-acf6-fe05908a3427,предметы нумизматики
5fa9b223-3817-43ae-a88d-ad3c45b92036,фотографии и негативы
b8821955-7739-4fea-90dc-42182aca4eef,"предметы прикладного искусства, быта и этнографии"
a1f4dfe0-dd8c-4d34-a43d-7258eab7dff0,"предметы прикладного искусства, быта и этнографии"
4298cd21-0e22-4eeb-ba48-93c6eaab865e,предметы печатной продукции
16ffd7c1-d075-43a6-8ebd-140bbd1ae8ff,предметы археологии
9919b83b-51d7-4af3-8263-65742c7f3dc7,документы
29cd3d87-d7b8-4e74-b161-ffa4e06b40bf,предметы археологии
a871afea-29c9-4526-9a7a-82e9e0a55330,фотографии и негативы
d95774f8-28f3-4466-b5a3-483dc208e1e3,документы
9c1e4a12-8d06-429a-a670-170c2cea1ee5,предметы нумизматики
bef27e1f-8abb-4cb6-9080-7f24e878eb78,предметы печатной продукции
7a43ada3-7f7d-4b36-8787-0adbbcbdf0d0,фотографии и негативы
b889e102-3226-452e-b378-8fa7c6411608,предметы нумизматики
9cd132ef-0323-4ad8-bb5c-41e1b5e98e21,документы
ac3c2b47-663f-48fd-9acc-b370fa134423,прочие
aa42fa91-0427-44fd-8e5c-1f74c300462d,предметы нумизматики
4c290636-6fce-4424-836f-6238e240ac76,предметы нумизматики
e07f40bd-1af3-4566-bd66-ea720c07d555,предметы нумизматики
3b288681-84ab-4dbf-9cfa-a3b3015c6633,прочие
9c14dbba-31f4-49e5-b5ce-49ed6a8cb9d3,фотографии и негативы
19b1e554-2174-491f-a736-b0f2498d8156,прочие
813f70fc-bdef-4e1a-841f-d3fcc43b580f,фотографии и негативы
91051681-a05a-4f5e-80d7-c0282665ad39,предметы нумизматики
1f5b77da-b0b9-460c-a837-a0b5f12e525d,предметы нумизматики
a939efb0-9fc1-4ab7-8bb7-6f247c31792e,фотографии и негативы
3cd145a9-bc99-4f49-bf06-5345fa9e6de9,предметы археологии
80c99fa1-c4ab-4147-abc8-57f5db2b6bd2,предметы нумизматики
092ae052-cee7-4cd1-8fb7-fd7b15d00de9,фотографии и негативы
154a272b-1504-48f9-af9e-ea40fd81bb42,предметы нумизматики
d4b9662f-2725-4a47-900c-25851c95e951,предметы печатной продукции
112037f3-b2d1-434d-851f-6a07d2483bbc,"предметы прикладного искусства, быта и этнографии"
4e6b1f73-3953-4d28-b839-9058e4319e37,"предметы прикладного искусства, быта и этнографии"
1e738434-ccfa-4ce0-80b9-10ec7a49383b,прочие
40651633-ba80-4801-8b08-93c3019ee1ce,фотографии и негативы
38226bb2-bdab-4994-8c32-48d636315a7c,фотографии и негативы
958caebd-27b8-46c8-becb-4bfd9bccab78,предметы археологии
f6ae255a-dd51-4e06-9638-2f885219d6bd,предметы печатной продукции
1a4ec5a0-89a0-49c2-8ffc-2dd849997cee,предметы нумизматики
04680772-b9b6-41e7-98d5-5955c2e7d972,графика
90199d30-f21b-422d-9627-fe7c9f018f73,предметы археологии
9c3465cc-043c-418d-a808-6b39642c2b31,предметы естественнонаучной коллекции
e80b81b0-0c5c-4b2d-acc9-2472d5076757,редкие книги
ba476976-1627-406b-bda3-88eeef59405a,предметы археологии
9d1c02fa-64c1-40b1-bb2b-65de424dac0c,предметы археологии
f38cbd06-b5fd-46e7-91ec-7e1fc4bd72f9,предметы археологии
274453ac-b0eb-4e7a-9ef2-834a2d61eefe,графика
71b57a38-0938-44df-9ecf-3a279097d257,предметы археологии
61cc0581-aba5-4855-a2f4-e30de0e467fc,редкие книги
50b165c5-0c62-4262-986e-367dcb6258bf,документы
c266170b-2bd9-4acf-9592-6601939f7601,предметы археологии
52312179-9722-4ad6-8728-15b07fad9a35,документы
f2099fe2-4e00-4e6b-959e-7f9ad31a08ba,прочие
55864a7e-b382-451b-b3e1-db94f0dcecf1,предметы нумизматики
01b2298f-7c80-44f7-9e97-6f8d4cab6384,"предметы прикладного искусства, быта и этнографии"
f4ddb2f1-fc3e-498d-a78b-d7aadec45cc0,фотографии и негативы
6a8dd95b-f706-4582-bc8c-68194200fc65,фотографии и негативы
0fd85e06-c320-47c4-b129-4884feffcd23,"предметы прикладного искусства, быта и этнографии"
7118eb71-3801-4f61-b2e2-148dfee65686,фотографии и негативы
bfbb200a-89bb-45bc-8e50-46d8047cf5a4,фотографии и негативы
bb0abfa9-d140-42dc-bedc-ed719521371d,фотографии и негативы
6c99da80-2174-46a1-a219-21d9c8afc05c,фотографии и негативы
04c2c2a1-dd37-45bd-9697-b2ca7a36089c,предметы нумизматики
e0ed531f-3d2e-4f9a-a147-883298fc4581,прочие
0ecc1fc2-3e0e-4978-b81b-f3a269d8414c,"предметы прикладного искусства, быта и этнографии"
316415da-e830-4b93-8685-912bf50e0e79,документы
4d423a3c-f4a3-41e8-a337-fba8c89d4a38,оружие
73bdb025-b0c9-42a2-b186-a28741b3180c,оружие
f0509f2b-106e-43f6-858f-96667ee9ab28,фотографии и негативы
1b254def-3b82-4f72-8925-c5b5e12dd1f1,предметы археологии
c6159533-036f-44c8-b331-00f9c2ac4f4f,предметы нумизматики
549e5df6-cbcf-4773-b585-1a1a6efbd3e0,живопись
419f18a2-aa25-45d1-81a4-50393804f8e0,редкие книги
347e6d82-92f9-4ef2-9dd2-3115dff1569d,фотографии и негативы
0dc94b05-5227-48d2-abc6-47a2701caf02,документы
e61259b8-4e2d-44b9-9668-c3d6fe96f8e3,фотографии и негативы
7e154917-998b-45be-b407-9305b3cec794,предметы археологии
398b3a08-7a98-4377-b5b2-7ebe7a120939,фотографии и негативы
13e09f86-5e32-4dc3-bb0a-eceb1f631dd4,предметы нумизматики
e640b6ce-201b-48ef-bd31-c486592dac74,предметы археологии
6f1c7727-74c5-43b0-b0ee-29ac84194434,документы
1a572e53-b5af-44f4-a5b4-61e5d074c4ea,документы
ca87776c-04f0-4f94-8af9-d7facf3d89a2,предметы естественнонаучной коллекции
5fd9b6fa-8ff4-4d72-add9-134676c2dd64,предметы археологии
3d37493c-8053-4f50-b17f-5bd0ff8ec049,предметы археологии
da994e72-3e91-417e-8815-f9d5f4c2318c,документы
fefaeb52-a83e-4ad9-9135-18d91f6c6ac8,предметы нумизматики
a287c348-1455-42e5-9bff-65f03e294074,"предметы прикладного искусства, быта и этнографии"
200b1da1-122d-4bc1-96c7-44a283fd50cf,"предметы прикладного искусства, быта и этнографии"
2486456f-a345-4e82-b979-5be88902695b,фотографии и негативы
2b3c1c3e-ebf1-4fb3-b9eb-06a058517826,предметы археологии
0be4a32e-88ec-4c78-81f2-9dacaa3d9fd1,предметы археологии
0f55ba26-e4dc-413c-85b6-a66d9a2c8b7d,редкие книги
021d6f40-bd41-4148-9ab7-2ddcd6e894ad,фотографии и негативы
ce14f491-c348-4cd9-b290-cf0e42133897,предметы естественнонаучной коллекции
f2c83729-effc-4cec-b485-bfb7d3a4e2dc,фотографии и негативы
aaee3308-d9ba-4696-9bde-179241a000a4,фотографии и негативы
11ab46db-45f7-4c5d-952f-8d09dc2cb86c,документы
eb9f223f-57e2-4436-b21b-7cf09d591ecd,редкие книги
36d8111a-778d-4d85-bf84-2157a9683d1b,предметы печатной продукции
727738da-4a30-445d-b2a0-e22b9d9be162,предметы печатной продукции
8d8c418f-4ac9-4c93-9e20-a8d51bce66e6,предметы археологии
920aa43c-829d-455c-8d77-fee5191e1be0,предметы археологии
701d3080-832a-4cb3-b4d4-4e719057e802,фотографии и негативы
75673712-1f3c-491f-8560-2aa0ee25224b,графика
290c4bcd-bc50-4ae7-a487-f5565fe4a9d5,предметы печатной продукции
695cbdc9-fd5d-492b-8950-3a6e0ae7bb9d,предметы печатной продукции
aca343cb-af02-4174-9389-a44407b1ca7f,документы
c486acbd-08bc-4fdb-a9af-dda037fed044,документы
df65a3fe-b5e9-4c59-a031-6e0e2fd8d8c7,предметы печатной продукции
7fd6f5af-8968-424c-9098-55034747b9ea,предметы печатной продукции
ad8687ed-bafc-40a0-b229-b0c932b2a48c,предметы печатной продукции
c77a8d1f-4ae6-462f-85bb-5e83591d5389,предметы нумизматики
ad606bd7-1bfa-4d0b-8a20-b95ee1df1bb3,предметы археологии
23cbe60c-f942-44d5-92d0-68828f582a1c,документы
da34e1da-0bb2-4be4-a8d9-75d188952b14,графика
6ca88078-f692-461a-93d9-f7b311e6d198,документы
974ead37-bcb1-4438-a47c-9bb5f9fe2bc9,фотографии и негативы
523a0e93-6a3b-42e5-a61f-8d22070f727a,фотографии и негативы
4c7d2095-d57f-43d3-bafd-5541eb035e34,предметы нумизматики
68b1454b-b019-418e-adba-168724d1ec64,предметы археологии
9cec8ef5-61ec-4b37-bb7d-348965874230,документы
4bb320b7-3057-4756-9196-c5516e487661,предметы нумизматики
7684ef0a-c21b-4ac9-8d5c-6c7e6403469f,документы
8f43a6dc-50b6-425e-bc6e-a04ff00cbe10,прочие
5fb6dbf9-e34f-4788-8f12-a8672a86ced4,"предметы прикладного искусства, быта и этнографии"
56963d68-4b1a-4909-a94a-0065b74bc591,графика
a832ff1b-b3e1-4186-95c3-b7131d2b1a9e,"предметы прикладного искусства, быта и этнографии"
bec5739c-55cd-4220-8fcd-7ce2d6e67e10,"предметы прикладного искусства, быта и этнографии"
d135520e-d4b5-461f-bcd1-35ffc7347226,фотографии и негативы
2600577e-7ea6-4c11-97e4-7776e35d30bd,предметы археологии
f60f7acc-e8b3-432f-8cde-feeafa03cac8,документы
125db99b-0b67-4466-8402-28dd391bc7a6,предметы археологии
cef7f1f7-c5d8-40e7-9d61-8734cf2f40d9,предметы нумизматики
9fd47121-0307-4bed-8147-41c4370bf185,фотографии и негативы
1caab9a5-1686-41d4-be10-d43ffd6e4b1b,предметы нумизматики
eccd51d5-dbed-4b4e-9fa6-94c94ee8b849,предметы археологии
5d80feaa-45c1-4251-a33f-e74a4c68a362,документы
3490cdc5-6a07-48cd-a6e2-8918c0be5b5d,предметы печатной продукции
52845d80-84e0-45d1-b6cd-793023d19ca3,"предметы прикладного искусства, быта и этнографии"
9160733f-3084-4b19-b6f1-bffbcb4e4b21,предметы нумизматики
53e97891-7c7d-4ec4-973c-5112def9ee90,фотографии и негативы
99e561a9-7082-4358-9d7b-a33bd0bea96e,предметы археологии
933b6800-cc79-46df-bcb3-7976b9d768e9,предметы археологии
5955285e-2624-4c06-9e5f-12bb0add0d17,"предметы прикладного искусства, быта и этнографии"
08a1b8c6-0e8f-456e-b032-0b6ed5bcaa70,графика
6257d588-3d6e-4d99-9070-9cef82ebbe33,документы
f4c6547f-eff9-4dff-81e8-2f5375478b61,документы
387f9437-f9cc-4ee8-8ce4-867f71174e6d,фотографии и негативы
e98d00fa-ab3e-4149-8787-189528a2362d,фотографии и негативы
67d09e40-cbdf-4477-bdcf-4038a626166e,прочие
27106c53-570c-4abf-9c49-e2196946e996,предметы минералогической коллекции
7059f7dd-8d6e-4a20-bc16-5e504c269db0,"предметы прикладного искусства, быта и этнографии"
9ac5b571-875d-4703-b585-5b05f792180c,документы
2de0a219-6a96-4e3a-b9ef-fdbe09c5b8e8,предметы печатной продукции
12135926-8736-43f4-8940-146e158b9c63,предметы нумизматики
72428664-bde6-447d-95ae-c9079869da38,фотографии и негативы
8ebeba5a-aefa-405c-be2f-91ae3d925c68,фотографии и негативы
8b0e2115-5263-4f73-9599-b4cacfc3643d,документы
ae3ab4ea-5276-42da-add9-12c5bf4d0e48,"предметы прикладного искусства, быта и этнографии"
47ca462a-9423-4d31-bdf1-5bf3d204ec3e,документы
cf6228fe-d04b-412e-b6e7-38b252b8d3b5,документы
0fa70f40-2678-4ab5-9633-4f24248e8185,предметы печатной продукции
cb02bbca-4e04-4c71-a1f6-54cb52c8034a,документы
0fc90e3c-5cb5-424e-9c52-01e12bbb20d5,фотографии и негативы
6d14bf57-2767-4118-ae03-84942b3f0a30,предметы минералогической коллекции
d01abb59-b503-4dbb-80cd-b266d1283f09,предметы археологии
18561ab7-247b-4210-b098-bf056b2d864c,"предметы прикладного искусства, быта и этнографии"
da7f41df-771a-4ec7-884d-eeea81c72dc8,фотографии и негативы
8a127527-8c23-4058-9ae7-de497b6f1544,предметы археологии
3bf9b630-ffa8-4330-bb65-3c3c53ac804e,предметы нумизматики
c4ae5299-59aa-49ea-8995-e7a75fe18402,документы
1087e864-4a41-4f99-aa4b-8fb1f45b197a,предметы печатной продукции
22ade16c-1040-465a-800e-3b13e7a6127e,документы
f56c95d2-7e6a-4a6a-85f6-2e7cd32ee592,фотографии и негативы
4c33834a-1005-448a-8c92-fe08dbbd53fe,фотографии и негативы
e63b7e6b-550f-4f35-9c45-47e21f2803b1,предметы печатной продукции
1830ef2b-9541-4276-88b1-1d7c76c11b07,фотографии и негативы
5683bc01-da50-4a95-a502-5d678370cad1,фотографии и негативы
074f2f1e-0ec9-4e28-abe6-da316721d09e,предметы печатной продукции
cc7e8b62-77cb-4069-957f-e17a7d010a3a,фотографии и негативы
47822711-4cec-494f-8478-77345350e2cc,графика
4bdb74a2-5930-47ac-8cda-b535e195c52a,предметы печатной продукции
0a04b140-1bd9-4a55-8856-a82d53f2f932,документы
32f57a8e-d178-4a31-9cfd-12c258b8a457,документы
7298f1e8-df53-4fd0-ae26-f5abb5dd4432,предметы археологии
38ddaa03-dc72-40de-a346-22105101790b,графика
a16567ee-57e8-402d-b83a-1c286dacc224,фотографии и негативы
1fbe8490-1b05-4e2d-880a-81658b98e644,предметы печатной продукции
9cc5016b-950c-436b-8ef7-eb9238de465c,"предметы прикладного искусства, быта и этнографии"
682dbc2b-abc5-400a-987c-781bec698d3b,предметы печатной продукции
81018fb6-8000-496b-8f64-727228790894,"предметы прикладного искусства, быта и этнографии"
3737d7b2-39cf-4af1-b426-9e3726075857,прочие
8c1c9cdb-dede-40ab-aa6d-fc51ad044de7,предметы археологии
bbbf645c-9b72-4064-a0dc-e75da4997dc5,"предметы прикладного искусства, быта и этнографии"
b4c18d7b-296a-46a3-af0f-d5ffc72d10d3,предметы нумизматики
6d628a0c-b15f-450d-8e36-212f7bb0adcd,"предметы прикладного искусства, быта и этнографии"
abf086c5-a4f8-4630-a2b2-aaa1c6b34fdc,документы
b73f56f6-d98b-4a60-9f99-bd10784c67c8,"предметы прикладного искусства, быта и этнографии"
e7e59943-7e67-4f9c-af4b-732d8b2e4181,"предметы прикладного искусства, быта и этнографии"
10064b93-4008-4779-b68b-081595846d79,документы
a8442c19-7816-471f-9051-a57e2033e1f4,редкие книги
2bdcfc65-ec8e-4d84-9bac-b792771fc336,прочие
b8fc57a4-62eb-4bce-a574-0040092a501f,документы
e78b2b78-36fc-444a-bd21-d95ef20031ac,"предметы прикладного искусства, быта и этнографии"
3a7062ce-3704-46e2-9b1c-ff538b74e4e1,"предметы прикладного искусства, быта и этнографии"
07a3e3ca-ac96-4db7-b19a-60dc5fd6e209,предметы археологии
be6434b6-ebf5-4c83-9135-ca64e4d348b1,предметы археологии
6020d5ae-5163-43b5-9c0f-a11add5cc4ce,редкие книги
ecf577ae-979c-4054-bbec-2d1838495473,графика
ffee576e-997f-49db-abf2-ed9f78750edb,"предметы прикладного искусства, быта и этнографии"
9c8ba60c-c414-46a2-87bf-7622692f113d,предметы археологии
d5b1c404-6c35-46b9-ab80-71d3d901b2ec,"предметы прикладного искусства, быта и этнографии"
84122285-345d-4a62-8822-4148056237f2,предметы нумизматики
78505832-b2fc-4732-85cc-2be63eb70ae5,предметы нумизматики
de6c5804-8739-4c71-90e9-d948dc0fece3,предметы печатной продукции
2ef7b101-9bc4-4287-8187-a5cd11b8f870,редкие книги
a7fa3608-0d59-4fd1-b430-3e5fcf9f81ee,предметы печатной продукции
ac0f26b1-249c-4ce8-b93c-9fd13f210800,документы
950e2950-300f-41df-a1b8-9efcc8a548e9,предметы нумизматики
5a1d0831-c14b-492a-be75-cef0caf97f08,предметы нумизматики
1221005e-e226-408e-ac65-0a095e674cee,фотографии и негативы
037d25db-794f-4d01-943e-ee5380524c3e,фотографии и негативы
05d97d0b-e3ba-4eb9-9b7a-0dc40e164f64,предметы археологии
de288595-4fbb-4c17-a470-e3318a4899fb,предметы нумизматики
569238d2-a11e-436d-b08f-f7b50cf599bf,фотографии и негативы
6900941b-0e4d-4df5-94cd-ae3088439a17,предметы археологии
c1b87338-a784-4887-adcf-94fb11676333,фотографии и негативы
8954ae91-8add-4173-9e1e-7ebda59ca955,предметы печатной продукции
4a511ec5-ef66-4fd8-a6e1-a57e77910309,предметы нумизматики
5aa0e54e-d8d2-4476-80ee-75246de7eebe,предметы нумизматики
ff3e6a9a-479e-48c2-b90a-253c0d624850,предметы нумизматики
8ced0c61-dfba-4e1d-80a1-9efff3eee6c8,фотографии и негативы
d13f73ed-b770-49ad-951d-51501f98c991,предметы археологии
5f80a2b1-5de2-43e5-a5cf-a05b01b494c5,предметы археологии
44deae36-0ceb-40b7-a4a3-8494c2c88a9d,предметы печатной продукции
4329dcab-40f6-4602-9624-71fc00d8fbbe,фотографии и негативы
2ca09040-2cd4-4ebf-be8e-40b3a35d3cf1,документы
8f623283-4809-4205-8cb6-7451a64ed7d0,редкие книги
d7bb5829-4406-4b10-8442-caef43284b36,фотографии и негативы
33375023-a575-404e-8c82-6f110d8aa048,предметы археологии
50a3b8b8-a539-4596-811d-8e335821827a,документы
99e6cd07-43c8-4269-82b9-8233b4679b2d,прочие
c9e573ae-48f0-484e-8e0d-af4eec8da6a7,предметы нумизматики
4976db52-ff34-4dbb-bb51-b5510c88900f,фотографии и негативы
03e71731-0691-472a-bf98-b4929224555f,документы
d6c41f39-d253-4b18-92b4-6b6fdc1e754f,редкие книги
7829299c-372a-4b43-a7f2-414c2df39434,предметы нумизматики
5eafd08a-21c6-4137-ac77-ee55ba4ba330,предметы печатной продукции
eb3b96b5-ba41-4114-a093-deeb757f485b,графика
42df7b98-7d26-4526-9490-437a49c15bd3,редкие книги
a540d5d8-e9f6-47e1-a472-18c276e7ff12,"предметы прикладного искусства, быта и этнографии"
f66a548a-cc74-4c03-90ef-70c219a2f9b4,документы
15275c65-403e-4aa4-81af-c1444b604042,фотографии и негативы
b97cba7b-1ec2-4bbe-b35a-bb2a32dee190,документы
75c3001e-b1d4-4cac-9183-72e6c3d47f85,фотографии и негативы
bf796a6e-38b4-4993-866c-2be783310db7,прочие
9e89af93-27b6-4e9b-b0c9-844daa2be22f,прочие
e20bd577-1ae7-483f-853c-96a24f94b2d7,предметы археологии
721bfa6d-3fab-484f-a546-1dc1d3d54270,предметы археологии
1b86090b-2357-4661-bed3-4c9127887265,документы
076d5206-3f76-4351-8f03-cbd451bbb175,предметы нумизматики
e6b441e0-c556-4d70-a124-52858cb13739,предметы печатной продукции
aa765162-1651-4dcd-b66c-f6db595c9870,предметы нумизматики
217ad588-ade6-4c25-bde4-eebe56e2e960,"предметы прикладного искусства, быта и этнографии"
81618d36-a96b-4e87-b04f-d3a490cd3887,предметы нумизматики
02292490-46b7-4eda-9634-1e024ef18cb2,фотографии и негативы
19816353-aae4-491c-9f25-fd8586c459f9,графика
7b568878-fbd0-4b2c-80b6-7621d17139fd,"предметы прикладного искусства, быта и этнографии"
bf367e7b-6f2b-46c6-add7-08f61761bdb7,предметы печатной продукции
4f26fa74-f0de-4c8f-96c3-de27f04a14b6,предметы археологии
a6cf27f6-4053-42fa-9716-df321355a43c,предметы нумизматики
d6db3b9e-bc90-4dee-8880-a46f1ea9dd63,предметы археологии
873b7bee-08da-472b-abdf-6ffd2d793491,документы
b6e5611f-ce3f-4cd6-99ca-a6e8e529c2bb,предметы нумизматики
7f84a349-fa7c-4dee-bb47-9974d0b30888,предметы нумизматики
bf0e560c-535f-479e-97c0-9b3d7c577b3a,предметы нумизматики
abc933b7-ea83-4d06-a09b-67183c3fb283,предметы нумизматики
e0f8ca73-5092-48dd-ade9-35f862635073,документы
2519dcdf-3cb2-44cc-9a39-80ff704ca56d,предметы нумизматики
14327710-ad5f-4aff-90ad-b0cf78265f41,графика
3884278d-de78-4510-a077-d0223fef8ab2,предметы нумизматики
